Catalog Number,Alternative Number,Source,Species,longitude,latitude,RB,IOC,ZB,MB,GSL,NL,RL,OL,RD,CDM1,BaL,PLa,CIL,MTRL,MaxB,D,IFL,IFW,BuL,OccW,LMD,MD
MN35875,,MN,P. brevicauda,-73.4774,-4.09507,8.93,12.98,26.53,20.99,58.57,23.08,24.38,14.39,11.76,15.92,41.12,19.44,48.39,8.34,9.41,12.38,5.85,2.31,10.18,9.39,7.51,31.68
MVZ153616,,MVZ,P. brevicauda,-78.1572,-4.45772,8.73,11.95,28.63,21.51,59.66,23.67,23.65,15.36,12.15,16.18,42.42,21.55,49.09,9.59,10.4,12.87,5.68,3,11,10.32,8.43,32.29
MVZ155034,,MVZ,P. brevicauda,-78.16854,-4.45236,8.21,11.32,27.18,20.8,59.8,23,23.72,15.02,10.6,15.35,43.16,20.85,49,9.27,9.95,13.07,6.09,3.15,10.38,10.78,7.97,30.49
MVZ155036,,MVZ,P. brevicauda,-78.16123,-4.45563,8.48,11.73,27.15,20.75,55.97,21.75,22.37,13.8,10.96,14.88,39.23,19.07,45.47,9.29,9.44,11.73,5.47,2.94,10.21,9.98,7.08,29.5
MVZ157934,,MVZ,P. brevicauda,-77751,-4022,9.32,11.63,25.91,21.36,57.25,20.72,22.94,14.44,11.52,15.62,41.26,21.75,46.77,9.18,10.08,12.84,6.05,3.33,10.04,10.11,7.67,30.45
MVZ157948,,MVZ,P. brevicauda,-77751,-4022,8.72,11.82,26.92,21.03,60.01,22.42,23.55,15.18,11.57,15.51,43.51,21.11,49.4,8.84,9.64,12.8,6.44,2.81,10.23,10.03,7.57,31.72
MVZ157966,,MVZ,P. brevicauda,-77751,-4022,7.91,11.63,27.5,20.91,60.36,22.82,23.18,15.77,11.28,15.72,42.84,21.28,49.51,8.75,9.43,13.09,5.59,2.78,10.87,10.81,7.81,32.56
AMNH263054,,AMNH,P. brevicauda,-66.77966,-11.74947,8.29,10.43,23.93,19.19,51.18,19,20.5,12.75,9.47,12.82,36.42,18.28,42.7,8.77,8.95,10.68,5.33,2.7,10.13,8.55,6.38,27
AMNH263122,,AMNH,P. brevicauda,-66.77966,-11.74947,8.65,11.22,26.22,21.29,53.74,19.04,20.27,13.96,10.85,14.17,37.8,18.04,44.75,8.89,9.3,10.68,5.86,2.87,10.59,9.21,6.58,29.39
MVZ157855,,MVZ,P. brevicauda,-69068,-12.63333,8.65,10.91,24.71,20.36,50.63,18.22,19.19,13.5,10.17,13.61,36.48,17.57,42.17,9.15,8.86,10.22,6.31,2.76,10.33,9.52,6.02,27.19
MVZ168956,,MVZ,P. brevicauda,-69.07289,-12.6,7.61,11.26,24.33,17.77,49.75,18.21,19.44,12.53,9.33,13.38,35.9,18.4,41.15,8.6,9.52,10.64,4.57,2.47,10.43,9.12,6.67,28.31
MVZ168958,,MVZ,P. brevicauda,-69.07289,-12.6,8.09,11.06,24.47,19.51,53.13,19.8,20.5,13.54,10.22,14.28,37.08,18.92,43.04,8.48,8.81,10.52,5.66,2.23,10.52,9.2,6.63,28.39
AMNH268281,,AMNH,P. brevicauda,-73.16208,-5.2495,8.49,11.73,24.37,19.88,54.67,21.06,21.59,13.88,10.73,14.64,38.85,19.04,45.31,8.24,9.78,11.75,5.35,3.1,10.03,10.14,6.72,28.38
AMNH272700,,AMNH,P. brevicauda,-73.16208,-5.2495,8.29,11.7,24.81,20.13,51.73,18.77,19.25,13.97,9.98,13.81,36.13,17.91,42.34,8.39,9.07,10.22,4.37,2.38,10.04,9.51,6.07,27.91
MPEG28342,,MPEG,P. brevicauda,-72.81667,-8.36666,8.81,11.8,25.9,20.53,57.54,22.31,23.07,14.77,11.34,14.62,39.58,20.04,46.09,9.23,9.44,11.68,4.88,2.76,10.17,10.98,7.34,31.07
MPEG28343,,MPEG,P. brevicauda,-72.81662,-8.36666,8.01,10.22,23.87,18.84,50.78,17.79,18.82,13.46,9.44,12.8,35.79,17.62,41.99,8.44,8.79,10.3,4.68,2.53,9.68,8.95,6.21,27.91
MPEG28344,,MPEG,P. brevicauda,-72.81662,-8.36666,8.88,11.52,24.84,19.92,53.14,19.62,21.08,13.59,10.93,14.44,38.23,18.64,44.1,8.87,9.28,11.08,4.11,2.97,10.67,9.1,6.38,29.03
MPEG28346,,MPEG,P. brevicauda,-72.85094,-8.60044,8.74,12.23,24.74,20.7,57.18,20.74,22.08,14.26,10.83,14.17,40.55,19.99,46.49,8.61,9.16,11.7,6.23,3.08,9.95,10.62,7.29,29.53
MPEG28347,,MPEG,P. brevicauda,-72.8,-8.56644,9.11,12,25.84,21.16,53.25,19.43,20.1,14.03,10.16,13.97,37.88,19.21,44.13,8.76,9.4,10.84,5.66,2.97,10.7,9.56,6.69,29.07
MPEG28349,,MPEG,P. brevicauda,-72.85094,-8.60044,9.06,11.68,24.93,20.1,53.23,20.51,21.37,13.42,10.5,13.79,39.24,19.23,44.63,7.89,8.99,11.53,4.5,2.86,10.01,9.85,6.96,27.77
MPEG28350,,MPEG,P. brevicauda,-72.78304,-8.66663,8.3,11.09,23.36,19.44,51.92,19.12,19.65,13.47,10.22,13.46,36.65,18.1,42.68,8.52,9.21,10.48,4.75,2.53,10.3,9.08,6.4,26.31
MPEG28351,,MPEG,P. brevicauda,-72.78304,-8.66663,8.7,11.31,25.63,21.09,56.28,21.14,21.66,14.81,10.55,14.78,39.96,19.49,46.6,7.91,9.58,12.11,5.55,2.96,11.12,8.98,7.53,28.23
MPEG28353,,MPEG,P. brevicauda,-72.78304,-8.66663,9.06,11.66,24.96,20.11,52.15,18.97,20.23,13.45,9.8,14.03,37.52,18.45,43.44,8.23,9.59,10.79,5.91,2.72,10.36,9.08,6.58,28.16
MPEG28354,,MPEG,P. brevicauda,-72.78304,-8.66663,9.34,12.08,26.06,20.35,57.02,22.85,22.9,14.42,11.65,15.52,40.86,20.25,47.65,8.46,10.09,12.37,6.23,2.9,10.83,9.23,7.91,30.89
MPEG28357,,MPEG,P. brevicauda,-72.81667,-8.36666,8.11,11.25,22.76,19.8,50.35,18.69,19.11,12.89,9.15,13.09,34.57,16.49,40.91,8.36,7.91,10.33,4.25,2.44,9.5,10,6.16,25.44
MPEG28358,,MPEG,P. brevicauda,-72.81662,-8.36666,7.9,10.04,24.18,19.93,50.35,18.11,18.94,13.46,9.89,13.26,37.2,18.18,42.99,8.61,9.12,10.98,5.43,2.69,10.19,9.12,6.43,27.02
MPEG28360,MVZ194463,MPEG,P. brevicauda,-72.81667,-8.36666,10.25,10.86,26.5,20.41,54.67,20.75,21.92,13.9,10.5,14.68,39.68,18.61,45.83,8.34,10.07,12.09,5.65,3.4,10.69,9.42,7.14,30.86
MPEG28361,,MPEG,P. brevicauda,-72.81662,-8.36666,8.82,12.55,26.4,21.73,57.5,19.66,21.62,14.98,11.25,15.66,41.75,20.16,48.58,8.5,9.52,12.2,5.6,2.81,11.46,9.69,6.83,32.27
MPEG28362,,MPEG,P. brevicauda,-72.81662,-8.36666,8.6,11.3,24.07,19.33,52.64,18.96,20.44,13.46,9.64,13.6,38.25,19.28,44.44,8.67,9.29,11.09,5.22,2.43,9.98,9.2,6.49,29.03
MPEG28363,,MPEG,P. brevicauda,-72.81662,-8.36666,8.7,11.55,23.74,19.49,50.62,18.09,19.82,13.34,10.03,13.39,37.14,18.2,42.67,8.34,8.93,10.74,4.76,2.65,10.03,9.17,6.08,27.17
MPEG28460,,MPEG,P. brevicauda,-72.81662,-8.36666,8.18,10.52,25.19,19.45,50.73,18.37,19.83,13.28,9.46,13.36,36.57,17.87,42.63,8.45,9.08,10.22,5.42,2.58,10.15,8.96,6.46,26.53
MUSM11258,,AMNH,P. brevicauda,-73.16208,-5.2495,7.95,11.01,25.75,19.68,53.12,21.9,20.81,13.62,10.48,14.11,38.51,18.29,44.3,8.63,9.79,11.03,5.6,3.04,10.11,9.51,6.02,28.72
MUSM11262,,AMNH,P. brevicauda,-73.16208,-5.2495,7.9,11.37,23.74,19.73,50.07,18.15,19.19,13.7,9.76,13.68,35.35,16.81,41.41,8.58,9.12,9.66,4.32,2.22,10.56,9.26,6.45,27.85
MUSM11297,,AMNH,P. brevicauda,-73.16208,-5.2495,8.59,13.05,25.46,21.18,57.87,21.21,21.77,14.76,11.32,16.04,40.37,19.62,46.25,8.46,9.9,11.74,6.15,2.71,10.73,9.51,6.72,30.59
MVZ190668,,MVZ,P. brevicauda,-72.78304,-8.66663,8.35,10.93,25.03,19.53,51.53,19.17,19.49,13.54,9.55,13.75,36.59,17.95,42.65,8.49,9.28,10.24,5.18,2.9,10.03,9.57,5.87,26.79
MVZ190678,,MVZ,P. brevicauda,-72.81667,-8.36666,8.91,11.51,24.1,19.41,52.98,18.08,20.05,13.45,9.99,13.82,37.53,17.64,43.42,8.44,8.95,10.61,5.4,2.7,10.26,9.49,6.5,28.65
AMNH263060,,AMNH,P. simonsi,-68.57543,-12.39863,9.48,13.01,27.48,22.39,60.48,23.2,24,15.44,11.28,15.35,41.72,18.92,48.69,8.7,9.88,11.91,4.93,2.83,11.29,9.74,7.52,32.51
AMNH263062,,AMNH,P. simonsi,-68.91681,-11.3501,8.46,11,24.63,20.94,53.77,21.43,21.36,13.46,10.67,13.77,37.82,17.54,44.09,8.03,9.46,10.89,3.61,2.83,10.01,9.04,6.63,28.09
AMNH268278,,AMNH,P. simonsi,-73.16208,-5.2495,9.38,12.39,27.79,21.53,62.17,24.42,25.82,15.45,12.13,16.25,43.2,20.49,49.83,9.22,10.52,13.15,5.51,2.97,10.25,9.44,7.31,31.31
AMNH272699,,AMNH,P. simonsi,-73.16208,-5.2495,9.35,11.84,27.12,20.38,57.23,22.5,23.75,14.72,11.35,15.33,39.52,18.45,45.73,8.87,10.13,11.81,4.73,2.78,10.58,9.62,7.2,30.11
AMNH272716,,AMNH,P. simonsi,-73.16208,-5.2495,8.88,11.71,26.39,19.75,57.18,22.04,22.57,14.45,11.65,15.02,38.17,17.64,44.77,7.85,9.45,11.3,5.41,2.37,9.67,9.52,6.92,28.92
AMNH272717,,AMNH,P. simonsi,-73.16208,-5.2495,8.3,11.95,24.49,19.89,57.03,21.99,22.56,14.4,11.33,14.61,38.38,17.71,44.78,8.65,9.55,11.46,4.32,2.66,10.16,9.73,6.87,28.81
EFA038,,LMUSP,P. simonsi,-62.26745,-4.42802,9.74,12.36,27.92,20.72,60.1,22.7,24,15.29,12.03,15.93,41.42,19,48.48,7.74,9.68,12.87,4.26,3.06,10.63,10.1,8.01,30.73
MJ158,,LMUSP,P. simonsi,-64.82581,-9.4455,8.66,11.56,25.43,19.31,55.68,19.67,21.92,14.32,10.4,14.33,37.67,16.87,44.7,8.59,9.12,10.86,4.87,3.06,10.8,10.09,6.92,28.07
MJ397,,LMUSP,P. simonsi,-64.83294,-9.43781,6.52,10.19,21.87,17.96,48.81,18.49,19.27,12.43,8.58,12.11,33.89,15.3,40,7.22,7.47,9.65,3.62,2.34,9.57,8.42,5.65,25.08
MJ549,,LMUSP,P. simonsi,-64.86,-9.45673,8.14,11.19,23.2,18.61,52.68,19,20.34,13.69,9.67,13.2,36.95,16.8,43.05,7.92,8.54,10.59,4.43,2.85,10.27,8.53,6.09,27.27
MJ636,,LMUSP,P. simonsi,-64.85177,-9.4416,7.48,11.34,21.15,17.18,47.52,17.26,18.74,12.09,8.24,11.73,32.59,15.22,38.3,7.46,7.28,9.39,4.32,2.19,9.42,8.28,5.79,24.08
MJ774,,LMUSP,P. simonsi,-64.83314,-9.43693,7.35,10.82,23.53,19.43,49.23,19.72,20.05,12.47,9.45,13.09,34.53,17.59,40.18,7.58,7.6,10.1,5.16,3.11,10.26,8.38,6.1,25.11
MPEG28397,,MPEG,P. simonsi,-68.76672,-6.46666,9.15,11.74,24.66,19.22,53.47,20.53,21.67,13.31,10.22,13.91,36.33,16.73,42.75,8.33,9.33,11.02,4.58,2.48,9.45,9.01,6.73,28.21
MPEG28398,MVZ194703,MPEG,P. simonsi,-68.89219,-6.58282,8.78,11.53,23.86,18.98,50.69,17.59,19.46,13.44,9.77,13.49,34.44,14.79,41.2,7.84,8.34,9.96,4.25,2.89,9.61,8.76,5.75,25.53
MPEG28400,,MPEG,P. simonsi,-72.81662,-8.36666,8.71,11.39,25.73,21.36,58.03,22.88,23.84,14.99,11.2,14.74,39.6,18.67,46.45,7.49,8.49,12.32,4.92,2.73,10.36,9.23,7.39,28.5
MPEG28408,,MPEG,P. simonsi,-72.81662,-8.36666,8.67,11.84,25.42,20.12,52,19.13,20.08,13.84,9.93,13.43,36.42,15.92,42.26,8,9.02,10.38,3.75,2.22,10.21,9.39,6.42,27.59
MPEG28409,MVZ194602,MPEG,P. simonsi,-72.81662,-8.36666,8.84,10.82,25.3,20.13,56.19,21.54,22.23,14.94,10.8,14.08,38.46,16.57,45.06,8.01,9.1,11.19,5,2.32,10.34,9.74,6.43,27.73
MPEG28414,,MPEG,P. simonsi,-66.01666,-3.31666,9.83,12.21,26.43,20.26,59,23.08,24.08,15.11,11.29,15.11,40.64,19.42,47.23,7.93,9.48,12.62,3.53,2.57,10.4,10.01,6.99,29.25
MPEG28416,,MPEG,P. simonsi,-66.01666,-3.31666,8.82,11.73,24.99,19.32,57.21,22.79,23.26,14.81,11.37,14.93,39.02,17.82,45.47,7.8,9.03,11.63,4.62,3.08,10.54,9.14,7.14,28.75
MPEG28417,MVZ194711,MPEG,P. simonsi,-66.01666,-3.31666,10.09,12.61,26.27,20.83,58.75,22.5,23.83,15.51,11.83,15.47,41.62,19.41,48.32,8.25,9.9,12.78,5.46,3.16,10.11,9.6,7.57,30.84
MPEG28419,,MPEG,P. simonsi,-66.01666,-3.31666,9.21,12.35,27.36,21.73,61.25,23.87,24.79,15.67,11.97,15.67,42.86,20.4,49.59,8.56,10.19,12.87,4.21,2.93,10.63,9.5,7.69,32.27
MPEG28424,,MPEG,P. simonsi,-70.85003,-6.75,9.52,11.85,26.18,20.38,55.73,20.56,23.21,13.62,10.38,14.09,39.33,17.66,45.71,8.15,10.05,11.43,4.6,2.22,9.88,9.48,6.62,28.3
MPEG28427,MVZ194775,MPEG,P. simonsi,-68.76672,-6.46666,8.98,11.09,23.8,18.96,51.52,18.86,19.97,13.87,10.22,13.43,35.31,15.81,40.9,7.81,8.4,10.31,4.62,2.62,9.04,9.73,6.29,26.36
MPEG28429,,MPEG,P. simonsi,-68.89219,-6.58282,7.32,10.26,22.79,19.51,49.08,18.58,19.35,13.01,9.38,12.36,34.77,16.11,40.07,7.42,8.08,10.46,4.45,2.63,9.21,9.09,5.65,24.73
MPEG28430,,MPEG,P. simonsi,-68.89219,-6.58282,8.92,11.09,25.65,21.01,56.67,21.88,22.84,14.46,11.1,15.12,40.14,18.33,46.08,7.8,10.02,11.81,5.56,3.02,10.7,9.59,6.47,29.54
MPEG28432,,MPEG,P. simonsi,-68.89219,-6.58282,8.16,11.56,24.21,19.26,51.74,19.38,19.68,13.99,10.19,13.31,36.64,15.93,41.81,7.68,8.73,10.55,3.32,2.26,9.47,9.21,6.67,27.04
MPEG28433,,MPEG,P. simonsi,-72.78304,-8.66663,8.17,10.95,24.45,18.54,52.52,20.78,21.24,13.53,9.78,13.53,35.52,15.74,42.21,7.89,8.64,10.16,4.17,2.47,10.11,8.95,6,25.75
MPEG28437,,MPEG,P. simonsi,-72.78304,-8.66663,9.38,11.15,24.36,19.59,55.81,21.44,22.66,13.8,11.14,14.35,38.82,18.18,45.67,7.92,9.33,11.93,5.02,2.95,10.29,9.79,7.18,27.85
MPEG28438,,MPEG,P. simonsi,-72.78304,-8.66663,9.26,11.09,24.99,20.59,55.16,21.87,22.56,14.01,10.68,13.94,37.61,16.24,43.99,7.59,8.49,11.27,5.04,2.79,10.11,9.7,6.54,28.03
MPEG28443,,MPEG,P. simonsi,-72.78304,-8.66663,8.73,10.8,24.86,19.06,54.83,20.08,21.62,14.2,10.29,13.62,37.5,17.54,43.74,7.59,8.99,11.53,4.42,2.69,10.27,9.52,6.52,27.74
MPEG28444,,MPEG,P. simonsi,-72.78304,-8.66663,8.32,10.68,23.81,18.71,53.9,19.79,21.62,13.22,9.98,13.56,36.41,16.07,42.63,7.9,9.12,10.67,4.23,2.62,10.15,9.47,6.26,27.26
MPEG28447,MVZ194635,MPEG,P. simonsi,-72.78304,-8.66663,8.86,10.86,25.55,19.44,53.16,20.46,20.45,13.89,10.21,14.02,36.57,17.48,42.89,8.29,9.23,10.76,4.72,2.34,9.56,9.16,6.22,26.55
MPEG28448,,MPEG,P. simonsi,-72.78304,-8.66663,8.4,11.29,24.99,19.28,51.08,18.85,19.61,13.37,10.37,13.98,35.02,16.04,41.28,7.8,9.15,10.35,3.95,2.18,9.63,9.34,5.56,25.94
MPEG28449,,MPEG,P. simonsi,-72.78304,-8.66663,8.57,11.14,25.04,20.08,55.1,21.23,21.87,14.27,10.11,13.8,38.22,17.27,43.79,8.18,8.61,11.03,4.96,2.72,10.14,9.79,6.15,27.25
MPEG28451,,MPEG,P. simonsi,-72.78304,-8.66663,9.06,10.72,25.64,20.12,56.12,21.8,22.42,14.58,11.23,14.44,39.26,17.55,45.51,8.01,8.88,11.42,4.47,3.06,10.58,9.33,6.79,28.22
MPEG28452,,MPEG,P. simonsi,-72.78304,-8.66663,9.1,11.33,24.85,19.53,54.86,20.59,21.76,14.41,10.41,13.29,37.66,16.37,44.06,7.82,8.59,10.91,4.19,2.33,9.81,9.44,6.67,28.22
MPEG28453,,MPEG,P. simonsi,-72.78304,-8.66663,8.54,11.07,23.03,18.29,50.97,18.98,19.74,13.74,9.52,13.31,35.65,16.3,41.27,7.88,7.96,10.43,4.8,2.58,9.35,8.64,5.75,25.77
MPEG28455,,MPEG,P. simonsi,-72.78304,-8.66663,9.76,11.41,25.45,20.47,55.62,22.57,23.01,13.67,11.15,14.87,37.92,17.56,44.53,8.21,9.95,11.25,4.82,2.75,10.2,9.44,6.64,29.61
MPEG28456,,MPEG,P. simonsi,-72.78304,-8.66663,8.9,11.22,26.61,21.02,58.91,23.88,24.06,14.65,11.58,15.13,40.48,19.11,47.27,7.94,9.97,12.68,5.04,3.02,10.58,9.79,7.33,29.02
MPEG28459,,MPEG,P. simonsi,-72.81662,-8.36666,8.45,9.71,24.21,18.71,51.33,19.44,19.79,13.37,9.85,13.43,35.4,16.47,41.88,7.99,8.28,10.51,4.75,2.78,9.97,9.09,5.95,27.08
MUSM11283,,AMNH,P. simonsi,-73.16208,-5.2495,8.53,11.35,25.6,20.26,53.24,21.08,21.74,13.63,10.58,14.35,36.48,16.79,42.68,7.7,9.53,10.72,4.1,2.31,9.71,9.1,6.7,27.14
MUSM11299,,AMNH,P. simonsi,-73.16208,-5.2495,9.31,10.95,26.35,20.23,54.29,20.92,21.44,14.66,10.93,14.11,38.65,17.88,44.01,8.36,10.55,11.5,4.63,2.63,9.18,9.31,6.68,27.91
MUSM11314,,AMNH,P. simonsi,-73.16208,-5.2495,8.13,11.35,25.52,19.88,54.41,20.18,21.44,14.27,10.4,14,37.42,17.13,43.7,8.57,9.3,10.9,4.56,2.78,9.06,9.79,6.83,28.23
MUSM13342,,AMNH,P. simonsi,-73.16208,-5.2495,8.12,11.18,25.11,18.43,52.77,19.95,20.87,13.95,10.47,14.17,36.5,16.15,42.98,7.69,9.19,10.82,4.66,2.33,10.16,9.56,6.24,26.78
MUSM13343,,AMNH,P. simonsi,-73.16208,-5.2495,8.08,11.04,24.6,18.25,51.68,20.19,20.67,13.54,9.67,13.39,35.68,16.69,41.95,8.56,8.74,10.17,4.19,2.81,9.85,9.52,6.11,27.29
MUSM13344,,AMNH,P. simonsi,-73.16208,-5.2495,8.69,11.59,25.22,20.81,57.27,23.16,23.89,13.86,11.63,14.81,39.58,17.55,46.27,8.52,9.62,11.76,4.89,2.82,10.54,10.15,6.83,28.93
MVZ166814,,MVZ,P. simonsi,-71.26166,-12.68001,8.3,10.36,24.08,18.29,50.88,20.04,19.92,12.92,9.73,13.28,35.52,16.47,41.56,7.66,8.52,10.62,3.93,2.4,9.48,9.19,6.43,26.93
MVZ168955,,MVZ,P. simonsi,-69.07289,-12.6,9,11.56,27.23,21.58,56.44,22.42,22.4,14.66,11.22,15.41,39.33,18.2,46.03,8.34,9.49,11.23,4.8,2.97,11.09,9.67,6.47,28.65
USNM364151,,NMNH,P. simonsi,-69.23741,-12.59659,7.82,11.16,23.63,19.41,51.39,19.09,19.92,12.95,9.86,13.26,35.78,16.01,41.58,7.42,8.38,10.21,4.26,2.87,10.3,9.34,6.09,26.26
USNM390367,,NMNH,P. simonsi,-69.18341,-12.58804,8.14,10.32,23.63,19.28,51.06,17.71,18.64,13.61,9.53,12.83,37.44,16.8,43.05,8.03,8.32,10.55,4.74,2.79,10.09,9.55,6.35,27.21
USNM530935,,NMNH,P. simonsi,-69.20697,-12.72047,8.24,10.7,24.23,20.72,52.03,19.62,20.29,12.81,10.06,13.1,35.37,16.48,41.32,7.21,8.44,11.11,4.76,2.6,10.13,9.49,6.35,26.39
USNM578000,,NMNH,P. simonsi,-72.94991,-11.58344,8.44,10.47,25.37,19.64,54.57,20.11,21.05,13.81,10.67,13.76,37.35,17.3,44.37,8.22,9.26,11.23,4.73,2.64,10.04,9.11,6.78,27.53
USNM579259,,NMNH,P. simonsi,-68.77,-13.58,8.51,11.22,24.47,19.22,52.83,18.81,20.98,13.36,10.06,13.87,36.48,16.71,42.38,8.27,9.33,10.9,4.76,2.43,10,9,6.17,26.38
USNM579616,,NMNH,P. simonsi,-66.7333,-10.7667,9.17,11.39,24.87,19.92,53.66,21.12,21.91,13.93,10.91,14.35,36.92,17.42,43.85,8.39,9.19,11.11,5.47,3.26,10.67,8.96,6.6,28.29
USNM579694,,NMNH,P. simonsi,-69.6122,-13.1472,7.99,10.97,24.02,18.89,51.11,18.03,19.95,12.85,9.95,12.95,34.83,16.22,40.84,7.5,8.5,10.62,4.66,2.26,9.64,9.4,6.02,25.56
USNM579695,,NMNH,P. simonsi,-69.6122,-13.1472,8.32,11.73,24.75,19.75,53.5,19.61,20.52,13.95,10.2,13.63,36.15,16.14,42.86,8.02,8.55,11.27,4.94,2.77,10.38,9.28,6.75,26.81
USNM579697,,NMNH,P. simonsi,-69.6844,-13.5044,7.9,10.16,23.45,17.56,47.74,17.23,17.99,12.89,8.84,12.15,33.25,14.78,39.25,7.58,8.39,9.72,3.99,2.24,9.37,8.5,5.54,23.92
USNM582772,,NMNH,P. simonsi,-72.94991,-11.58344,9.25,12.15,27.63,20.85,60.34,24.83,25.07,14.98,12.43,16.1,41.51,18.49,48.35,8.04,9.63,12.05,5.45,3.2,10.7,9.68,7.4,30.75
USNM582897,,NMNH,P. simonsi,-72.94991,-11.58344,8.77,11.45,25.29,19.65,54.63,21.03,22.26,13.72,10.17,14.02,37.02,16.73,43.35,8.21,9.17,10.3,4.54,2.73,9.85,9.83,5.7,27.51
MPEG28369,,MPEG,P. steerei,-70.75008,-6.83344,9.81,12.93,27.57,21.93,61.3,22.67,24.34,15.34,11.8,16.19,43.52,21.65,50.15,8.03,9.66,14.09,6.92,3.32,11.45,10.57,8.77,31.3
MPEG28486,MVZ194909,MPEG,P. steerei,-70.73359,-6.80001,8.21,12.45,25.71,21.06,58.14,23.06,23.67,14.6,11.31,14.61,41.09,20.24,47.76,8.28,8.68,12.85,5.29,2.93,10.63,10.5,7.89,30.6
MPEG28491,MVZ194914,MPEG,P. steerei,-70.73359,-6.80001,9.61,13.77,28.42,21.98,63.3,25.88,26.04,15.68,12.13,16.8,42.72,21.22,50.92,8.93,9.57,13.17,5.41,2.56,10.73,10.66,7.9,33.34
MPEG28492,,MPEG,P. steerei,-70.73359,-6.80001,9.26,12.16,28.29,21.92,59.68,23.93,23.98,16.38,11.84,16.52,42.44,20.38,49.53,8.81,9.92,13.16,6.11,2.77,10.86,10.07,8.13,31.55
MPEG28493,,MPEG,P. steerei,-70.73359,-6.80001,8.44,12.39,25.91,20.46,59.84,24.39,24.92,15.76,11.5,15.29,42.58,20.95,48.99,8.9,9.52,12.8,6.01,2.87,10.06,9.58,7.51,32.04
MPEG28529,,MPEG,P. steerei,-70.75008,-6.83344,8.48,11.1,24.39,19.78,54.27,20.92,21.66,14.76,9.96,13.78,37.59,19.03,44.39,8.44,8.46,11.7,5.37,2.2,10.15,9.83,6.82,30.08
MPEG28531,,MPEG,P. steerei,-70.73359,-6.80001,9.34,13.23,26.26,22.05,61.32,25,25.04,15.53,11.86,16.55,41.76,20.24,49.78,8.25,9.87,13.05,5.52,2.96,10.05,9.91,8.39,31.11
MPEG28532,,MPEG,P. steerei,-70.73359,-6.80001,9.84,12.93,27.61,21.19,59.98,24.25,24.41,15.31,12.02,15.89,42.66,20.98,49.87,8.69,9.73,12.59,5.8,2.7,10.47,10.63,7.91,31.26
MPEG28533,,MPEG,P. steerei,-70.73359,-6.80001,9.88,14.45,28.69,22.66,61.86,24.35,24.53,15.52,12.1,17.16,42.83,20.42,50.66,8.79,9.97,12.65,4.82,3.04,11.15,10.74,7.42,31.82
MPEG28534,,MPEG,P. steerei,-70.73359,-6.80001,10.35,13.04,28.57,22.79,66.96,27.59,27.4,15.66,12.29,16.85,45.87,23.62,53.86,8.83,9.82,14.35,6.35,2.69,10.7,11.01,8.96,34.19
MPEG28535,,MPEG,P. steerei,-70.73359,-6.80001,9.13,12.28,27.91,21.67,63.62,24.97,25.49,16.18,12.03,16.18,44.23,21.76,51.85,8.93,9.63,12.92,5.38,2.65,10.92,10.56,7.66,32.94
MPEG28537,,MPEG,P. steerei,-70.73359,-6.80001,8.79,13.5,27.59,21.76,61.02,23.98,23.83,16.19,12.13,16.03,43.93,21.52,51.2,8.41,9.63,13.49,5.43,2.49,10.94,10.71,8.43,32.21
MPEG28540,MVZ194987,MPEG,P. steerei,-70.75008,-6.83344,9.04,12.33,26.59,21.4,58.62,23.23,23.57,15.56,11.36,15.33,40.75,20.9,47.7,8.61,9.65,12.44,5.53,2.98,10.17,10.36,7.5,29.34
MPEG28543,MVZ194997,MPEG,P. steerei,-70.85003,-6.75,8.39,12.74,28.06,22.23,61.2,25.31,25.17,15.29,11.29,15.83,42.52,20.47,49.7,8.56,9.64,13.14,6.1,3.11,10.68,9.82,7.81,32.79
MPEG28546,,MPEG,P. steerei,-70.85003,-6.75,9.92,13.29,28.24,22.48,61.69,23.51,24.01,16.04,11.31,16.37,43.58,22.4,50.75,8.3,10.2,14.04,6.09,3.17,11.38,10.51,8.7,33.96
MPEG28558,,MPEG,P. steerei,-70.85003,-6.75,8.46,12.53,26.82,22.29,59.6,23.57,23.38,15.4,11.04,15.13,41.57,20.97,48.8,8.76,9.19,12.47,5.54,2.65,10.45,10.39,7.89,31.74
MPEG28559,,MPEG,P. steerei,-68.76667,-6.46669,10.36,13.45,29.54,22.79,64.65,27.12,26.93,16.23,12.44,17.41,46.2,22.67,52.99,8.43,10.88,14.79,5.85,2.81,11.94,10.42,9.23,34.83
MPEG28562,MVZ195034,MPEG,P. steerei,-68.76667,-6.46669,10.56,13.7,30.19,22.13,64.44,25.33,25.61,16.4,12.19,17.38,45.94,22.05,53.78,8.18,10.78,13.11,6.65,3.11,10.66,10.17,8.38,35.87
MPEG28564,MVZ195036,MPEG,P. steerei,-68.76667,-6.46669,9.51,12.47,26.97,20.66,54.73,21.81,21.11,14.48,11.14,14.88,38.43,18.55,44.94,9.04,8.9,10.87,5.53,3.2,10.04,9.92,6.92,28.58
MPEG28567,,MPEG,P. steerei,-68.91651,-6.53356,9.88,13.68,27.75,21.43,59.1,22.74,23.51,15.48,11.47,15.96,40.58,19.81,48.53,9.11,9.85,12.19,5.77,2.85,11.58,9.71,7.66,31.84
AMNH263056,,AMNH,P. steerei,-67.2,-11.38333,9.77,12.35,27.98,23.23,62.49,24.69,24.92,15.54,12.1,16.92,43.63,20.32,51.74,8.76,9.83,12.15,5.64,2.79,12.15,10.87,7.93,32.9
AMNH263057,,AMNH,P. steerei,-67.21667,-11.4,8.83,11.46,25.08,20.38,54.23,18.5,20.64,14.23,10.37,14.56,37.98,18.58,44.39,8.59,9.34,10.92,4.54,2.61,10.57,10.1,6.58,27.93
AMNH263108,,AMNH,P. steerei,-66.21667,-11.01667,8.83,12.71,26.74,20.58,56.49,20.75,22.24,14.49,11.32,15.38,39.4,19.61,46.34,8.19,9.95,11.68,5.89,3.11,10.61,9.28,7.24,30.71
AMNH263109,,AMNH,P. steerei,-67.2,-11.38333,8.88,11.77,26.17,21.56,55.8,20.58,22.27,13.86,10.67,14.26,40.46,18.25,46.74,9.18,9.48,11.63,5.87,2.87,10.73,9.91,6.71,30.11
AMNH263112,,AMNH,P. steerei,-68.57543,-12.39863,9.32,13.35,27.75,22.74,61.58,23.51,23.85,14.78,11.93,15.88,43.51,21.67,50.72,9.41,10.22,13.13,6.65,2.78,11.21,10.26,7.8,33.61
AMNH263113,,AMNH,P. steerei,-68.57543,-12.39863,8.06,11.73,24.21,20.12,53,20.41,20.93,13.38,10.08,13.97,37,17.81,43.16,8.83,8.91,10.24,5.5,2.69,10.63,9.63,6.23,28.03
MVZ168942,,MVZ,P. steerei,-69.07289,-12.6,8.28,10.89,24.1,20.13,51.97,19.32,20.65,14.11,9.91,13.84,37.1,18.77,43.67,8.83,8.8,10.6,4.17,2.07,10.79,10.06,6.57,28.87
MVZ168943,,MVZ,P. steerei,-69.07289,-12.6,7.48,11.18,24.23,19.69,53.51,20.05,20.64,13.52,9.68,14.01,37.44,19.26,43.98,8.91,8.96,10.44,5,2.18,9.5,9.71,6.64,29.05
USNM530931,,NMNH,P. steerei,-71.0451,-12.15612,10.13,13.67,29.64,22.33,64.94,24.74,26.39,16.84,12.75,17.43,45.25,23.04,53.44,8.77,10.35,14.08,6.77,2.95,12.13,9.3,8.98,33.43
USNM530932,,NMNH,P. steerei,-71.0451,-12.15612,8,11.42,24.76,20.46,54.37,19.9,21.93,14.31,10.34,14.59,39.2,19.54,45.74,8.45,9.16,11.44,4.54,2.69,9.87,8.75,7.01,29.17
USNM559415,,NMNH,P. steerei,-71.11199,-12.09053,8.66,10.64,25.66,19.92,56.69,21.23,22,14.63,10.79,14.93,39.77,20.03,46.85,8.86,9.46,11.98,5.88,2.47,10.64,9.57,7.1,30.25
USNM559426,,NMNH,P. steerei,-71.11199,-12.09053,8.66,11.13,26.13,20.31,57.53,22.09,23.18,14.81,10.58,14.71,39.97,20.25,47.38,8.01,9.27,12.4,5.33,2.49,9.79,9.68,7.9,31.04
MPEG28569,,MPEG,P. steerei,-72.85094,-8.60044,8.22,11.24,25.83,20.87,55.52,20.51,21.13,14.87,10.29,14.75,39.11,19.16,45.76,8.95,9.29,11.78,5.97,2.93,10.43,10.36,6.91,29.05
MPEG28570,,MPEG,P. steerei,-72.85094,-8.60044,8.9,12.42,28.47,22.36,60.17,24.37,23.37,15.69,11.41,16.22,42.33,21.46,48.66,8.93,10.03,12.88,5.92,2.8,10.36,10.1,7.9,32.42
MPEG28571,,MPEG,P. steerei,-72.81662,-8.36666,9.67,12.29,25.13,20.3,56.31,21.11,22.73,14.53,11.04,14.93,39.46,18.84,46.54,9.2,9.01,12.03,7.09,2.79,10.62,9.64,7.16,29.74
MPEG28572,MVZ194874,MPEG,P. steerei,-72.81662,-8.36666,9.51,12.94,26.8,21.7,62.62,25.47,25.84,15.61,11.55,16.26,43.11,21.61,50.94,8.77,9.52,12.96,6.5,2.96,11.06,10.2,8.5,32.87
MPEG28573,,MPEG,P. steerei,-72.81667,-8.36666,9.53,11.92,25.78,20.74,55.92,20.61,21.56,14.85,10.38,14.41,39.47,19.43,46.13,8.81,9.37,11.72,5.41,2.74,10.13,10.24,6.9,30.46
MPEG28574,,MPEG,P. steerei,-72.81667,-8.36666,8.78,11.99,26.58,20.65,55.11,20.21,21.21,14.5,10.13,14.76,38.73,18.86,45.92,8.71,9.48,11.22,6.18,2.5,10.88,9.63,6.7,30.54
MPEG28575,MVZ194879,MPEG,P. steerei,-72.81667,-8.36666,8.56,11.66,26.99,21.12,55.84,21.47,22.29,14.41,10.77,15.22,38.53,18.98,45.32,8.89,9.09,11.61,5.55,2.73,10.24,9.8,6.85,29
MPEG28576,,MPEG,P. steerei,-72.81662,-8.36666,8.67,12.39,25.46,20.07,52.63,20.12,20.31,13.88,10.4,14.64,38.29,18.96,44.02,8.89,8.86,11.16,5.09,2.61,10.91,9.8,7.04,29.71
