Catalog Number,Alternative Number,Source,Species Group,local_code,Analysis 1,Analysis 2,Analysis 3,Sex,longitude,latitude,RB,IOC,ZB,MB,GSL,NL,RL,OL,RD,CDM1,BaL,PLa,CIL,MTRL,MaxB,D,IFL,IFW,BuL,OccW,LMD,MD
663,,LMUSP,goeldii,BELOMONTE,PRO,A,EAM,NA,-51.77435,-3.12264,8.69,13.31,27.08,21.46,59.78,22.71,23.35,16.25,12.06,15.95,40.93,19.3,48.31,8.34,8.94,12.21,5.95,2.68,10.21,9.39,7.18,31.36
756,,MZUSP,goeldii,MANSO,PRO,A,PTI,NA,-55.78638,-14.87316,8.73,12.83,25.98,20.23,56.48,22.78,22.9,14.29,10.68,14.31,39.72,18.35,46.04,8.56,9.26,11.48,4.98,2.41,10.54,8.89,7.2,30.16
ABX005,,LMUSP,guyannensis,ABX_LEF,PRO,B,ABX,F,-58.63314,-4.31203,7.77,11.13,25.41,19.63,54.97,20.84,22.26,14.12,9.64,13.85,38.22,17.66,44.37,7.44,8.33,11.25,5.07,2.32,10.82,9.16,6.67,28.61
ABX008,,LMUSP,guyannensis,ABX_LEF,PRO,B,ABX,F,-58.63442,-4.34328,8.56,12.01,24.59,19.82,55.09,21.15,21.77,14.45,10.1,13.89,38.53,17.76,44.54,7.6,8.24,11.73,5.17,2.61,10.23,9.23,7.13,28.31
ABX020,,LMUSP,guyannensis,ABX_LEF,PRO,B,ABX,F,-58.63442,-4.34328,7.89,10.58,23.34,18.27,49.33,18.46,19.57,12.81,8.99,12.75,34.34,15.97,40.4,7.3,8.33,10.4,4.78,2.41,9.68,8.52,6.38,25.53
ABX027,,LMUSP,goeldii,ABX_LEF,PRO,A,PTI,F,-58.63314,-4.31203,9.28,13.68,28.52,21.32,61.39,24.04,25.26,14.59,11.44,15.8,42.68,20.24,49.04,8.65,9.78,12.99,5.18,2.45,10.73,10.15,7.94,33.09
ABX077,,LMUSP,guyannensis,ABX_RIG,PRO,B,ABX,F,-58.20922,-4.58208,8.42,11.5,25.81,20.27,50.81,19.72,19.6,13.31,10.24,14.45,36.56,17.19,42.65,8.35,9.66,10.52,4.39,2.46,9.76,9.67,5.94,29.4
AMNH141874,,AMNH,outgroup,COSTARICA,HG,-,-,M,-83.61152,9.96607,9.57,14.28,29.68,22.29,65.6,22.48,25.17,16.3,13.77,17.59,44.53,23.03,53.73,9.51,9.61,14.18,6.36,2.65,9.68,11.15,8.09,33.32
AMNH18811,,AMNH,semispinosus,BOQUERON,PRO,D,CAM,F,-82.57032,8.5078,9.6,13.7,27.89,20.12,61.61,23.5,24.9,16.5,11.88,16.09,43.78,21.54,51.22,9.94,10.02,13.57,6.77,3.25,10.26,10.22,7.12,32.25
AMNH18813,,AMNH,semispinosus,BOQUERON,PRO,D,CAM,M,-82.57032,8.5078,10.06,15.03,29.11,22.21,66.32,25.52,25.94,16.43,13.62,18.13,46.77,22.15,54.02,9.48,10.09,14.75,6.62,3.2,10.72,10.64,8.62,34.45
AMNH18817,,AMNH,semispinosus,BOQUERON,PRO,D,CAM,F,-82.57032,8.5078,9.6,13.33,27.21,20.99,58.57,21.79,23.1,14.97,11.34,15.09,40.8,20.27,47.61,9.48,9.09,12.65,5.79,2.85,10.32,10.22,7.12,31
AMNH18818,,AMNH,semispinosus,BOQUERON,PRO,D,CAM,M,-82.57032,8.5078,10.3,15.23,29.06,20.52,60.82,22.99,23.71,16.25,11.79,16.47,42.83,21.87,50.47,9.46,9.46,13.25,6.82,2.9,10.72,9.53,8.2,32.96
AMNH214680,,AMNH,longicaudatus,ICHILO_9K,PRO,D,PTC,F,-64.7884,-15978,8.08,10.45,24.48,18.8,51.46,18.23,19.45,13.2,9.68,14.02,36.96,18.36,42.41,8.64,8.87,10.59,6,2.77,9.8,9.47,6.21,26.54
AMNH214681,,AMNH,longicaudatus,ICHILO_32K,PRO,D,PTC,F,-64.84949,-16.0618,8.02,9.95,24.38,19.51,50.07,17.09,19.23,13.36,9.4,13.19,35.49,17.76,41.57,8.88,8.96,10.15,5.51,2.52,10.31,8.99,5.84,27.46
AMNH214700,,AMNH,longicaudatus,ICHILO_52K,PRO,D,PTC,F,-64.8935,-16.14017,7.81,11.09,25.24,19.98,51.64,18.9,20.07,13.21,10.22,14.43,36.56,18.59,42.99,8.36,9.7,11.17,5.5,2.76,9.89,9.73,6.29,27.7
AMNH235203,,AMNH,guyannensis,LAWA,PRO,C,GUS,F,-54.39421,4.31816,7.87,11.13,23.22,18.2,49.89,18.27,19.79,12.81,9.31,12.29,34.06,15.68,39.94,7.42,8.43,10.24,4.09,2.46,8.89,8.54,6.12,23.87
AMNH262314,,AMNH,longicaudatus,ASCENCION,PRO,D,PTC,NA,-63.15,-15.71667,9.26,10.59,26.77,20.96,53.92,20.87,21.72,14.17,10.63,14.81,38.23,19.9,44.61,8.66,9.64,11.71,5.79,2.52,10.88,9.69,6.78,30.38
AMNH262316,,AMNH,longicaudatus,ASCENCION,PRO,D,PTC,M,-63.15,-15.71667,9.02,11.9,27.56,21.93,55.93,20.52,22.49,13.91,10.95,15.38,40.76,20.88,46.59,9.42,9.94,11.7,6.35,2.55,10.5,9.78,7.18,31.23
AMNH262317,,AMNH,longicaudatus,ASCENCION,PRO,D,PTC,F,-63.15,-15.71667,9.2,11.02,27.43,20.86,54.68,19.68,21.3,13.81,10.25,14.61,39.19,19.56,45.03,8.47,10.08,11.95,5.6,2.99,10.93,9.95,6.36,29.27
AMNH262320,,AMNH,longicaudatus,ASCENCION,PRO,D,PTC,NA,-63.15,-15.71667,8.96,11,25.8,20.39,50.82,18.23,19.66,13.25,9.75,13.85,36.87,18.62,42.4,8.58,8.62,10.5,5.64,2.7,10.31,9.26,6.25,28.1
AMNH262321,,AMNH,longicaudatus,ASCENCION,PRO,D,PTC,M,-63.15,-15.71667,7.95,10.01,24.72,20.48,52.65,19.76,20.52,13.23,9.64,13.52,37.69,18.35,43.5,8.58,8.64,10.94,6.68,2.61,10.26,9.69,6.9,28
AMNH263054,,AMNH,longicaudatus,BIATA,PRO,D,SPB,M,-66.77966,-11.74947,8.29,10.43,23.93,19.19,51.18,19,20.5,12.75,9.47,12.82,36.42,18.28,42.7,8.77,8.95,10.68,5.33,2.7,10.13,8.55,6.38,27
AMNH263056,,AMNH,goeldii,BELLAVISTA_PANDO,PRO,A,MMR,M,-67.2,-11.38333,9.77,12.35,27.98,23.23,62.49,24.69,24.92,15.54,12.1,16.92,43.63,20.32,51.74,8.76,9.83,12.15,5.64,2.79,12.15,10.87,7.93,32.9
AMNH263057,,AMNH,goeldii,LACRUZ_PANDO,PRO,A,MMR,F,-67.21667,-11.4,8.83,11.46,25.08,20.38,54.23,18.5,20.64,14.23,10.37,14.56,37.98,18.58,44.39,8.59,9.34,10.92,4.54,2.61,10.57,10.1,6.58,27.93
AMNH263060,,AMNH,simonsi,GARGANTUA,PRO,E,WAM,M,-68.57543,-12.39863,9.48,13.01,27.48,22.39,60.48,23.2,24,15.44,11.28,15.35,41.72,18.92,48.69,8.7,9.88,11.91,4.93,2.83,11.29,9.74,7.52,32.51
AMNH263062,,AMNH,simonsi,SANTAROSA_BOL,PRO,E,WAM,F,-68.91681,-11.35010,8.46,11,24.63,20.94,53.77,21.43,21.36,13.46,10.67,13.77,37.82,17.54,44.09,8.03,9.46,10.89,3.61,2.83,10.01,9.04,6.63,28.09
AMNH263108,,AMNH,goeldii,AGUADULCE,PRO,A,MMR,F,-66.21667,-11.01667,8.83,12.71,26.74,20.58,56.49,20.75,22.24,14.49,11.32,15.38,39.4,19.61,46.34,8.19,9.95,11.68,5.89,3.11,10.61,9.28,7.24,30.71
AMNH263109,,AMNH,goeldii,BELLAVISTA_PANDO,PRO,A,MMR,F,-67.2,-11.38333,8.88,11.77,26.17,21.56,55.8,20.58,22.27,13.86,10.67,14.26,40.46,18.25,46.74,9.18,9.48,11.63,5.87,2.87,10.73,9.91,6.71,30.11
AMNH263112,,AMNH,goeldii,GARGANTUA,PRO,A,MMR,F,-68.57543,-12.39863,9.32,13.35,27.75,22.74,61.58,23.51,23.85,14.78,11.93,15.88,43.51,21.67,50.72,9.41,10.22,13.13,6.65,2.78,11.21,10.26,7.8,33.61
AMNH263113,,AMNH,goeldii,GARGANTUA,PRO,A,MMR,M,-68.57543,-12.39863,8.06,11.73,24.21,20.12,53,20.41,20.93,13.38,10.08,13.97,37,17.81,43.16,8.83,8.91,10.24,5.5,2.69,10.63,9.63,6.23,28.03
AMNH263122,,AMNH,longicaudatus,BIATA,PRO,D,SPB,F,-66.77966,-11.74947,8.65,11.22,26.22,21.29,53.74,19.04,20.27,13.96,10.85,14.17,37.8,18.04,44.75,8.89,9.3,10.68,5.86,2.87,10.59,9.21,6.58,29.39
AMNH264881,,AMNH,longicaudatus,PILON,PRO,D,PTC,F,-67.06667,-15.28333,9.26,11.7,26.48,21.42,54.63,19.9,21.51,12.95,10.59,14.63,38.99,19.27,45.53,9.34,10.31,11.28,5.55,2.75,11.07,9.34,6.51,30.91
AMNH266594,,AMNH,longicaudatus,PARACOU,PRO,D,NAR,F,-52.92366,5.27438,8.84,12.82,28.15,20.78,60.83,24.74,25.1,14.97,11.67,16.33,42.19,21.41,49.69,8.89,9.93,13.25,5.59,3.18,10.52,10.1,7.03,31.33
AMNH266595,,AMNH,guyannensis,PARACOU,PRO,C,GUS,F,-52.92366,5.27438,7.46,10.65,23.94,17.83,49.54,18.44,18.74,13.16,9.89,12.91,33.4,14.92,39.68,7.62,7.8,9.55,4.73,2.65,8.86,8.9,5.3,24.32
AMNH267025,,AMNH,longicaudatus,PARACOU,PRO,D,NAR,F,-52.92366,5.27438,8.57,13.1,28.33,20.18,60.02,23.36,24.16,15.5,11.65,15.91,41.36,19.62,48.54,8.69,9.29,12.45,5.73,3.4,10.48,10.22,7.97,30.43
AMNH267027,,AMNH,longicaudatus,PARACOU,PRO,D,NAR,M,-52.92366,5.27438,8.49,11.69,24.99,19.06,51.31,18.89,20.02,13.33,9.94,13.64,35.56,18.33,42.44,8.57,8.35,10.6,5.46,3.07,9.47,10.41,6.2,25.91
AMNH267028,,AMNH,longicaudatus,PARACOU,PRO,D,NAR,M,-52.92366,5.27438,9.06,11.64,25.72,19.26,52.2,18.93,20.72,13.27,10.3,14.02,36.37,18.45,43.13,9.02,8.44,11.58,4.69,2.94,9.44,9.85,6.9,28.33
AMNH267029,,AMNH,longicaudatus,PARACOU,PRO,D,NAR,M,-52.92366,5.27438,8.75,12.38,26.25,20.3,55.4,20.01,21.66,13.85,10.68,14.46,39.1,19.16,46.09,8.98,8.36,11.77,5.36,2.65,9.7,10.74,6.96,28.66
AMNH267037,,AMNH,guyannensis,PARACOU,PRO,C,GUS,M,-52.92366,5.27438,6.64,10.4,22.36,17.21,46.68,17.29,18.12,12.48,9.14,11.98,32.35,15.05,38.06,7.47,7.19,9.48,4.35,2.24,8.72,8.88,5.65,23.93
AMNH267039,,AMNH,longicaudatus,PARACOU,PRO,D,NAR,F,-52.92366,5.27438,8.99,13.8,27.58,20.83,57.9,22.43,23.02,14.69,11.22,15.64,40.2,19.57,47.16,8.8,9.71,12.63,6.09,3.42,10.6,9.96,7.54,31.79
AMNH267047,,AMNH,guyannensis,PARACOU,PRO,C,GUS,M,-52.92366,5.27438,7.01,9.86,22.99,17.31,49.72,18.92,19.5,13.63,9.04,12.43,34.31,15.9,40.13,7.3,7.22,10.03,4.9,2.3,8.3,9.49,5.86,25.71
AMNH267602,,AMNH,longicaudatus,PARACOU,PRO,D,NAR,F,-52.92366,5.27438,8.3,11.72,25.77,19.87,54.98,19.91,21,14.88,10.32,14.99,38.34,18.69,44.76,8.79,8.86,11.75,6.3,2.7,9.61,10.73,6.84,27.83
AMNH268278,,AMNH,simonsi,GALVEZ,PRO,E,WAM,M,-73.16208,-5.24950,9.38,12.39,27.79,21.53,62.17,24.42,25.82,15.45,12.13,16.25,43.2,20.49,49.83,9.22,10.52,13.15,5.51,2.97,10.25,9.44,7.31,31.31
AMNH268281,,AMNH,longicaudatus,GALVEZ,PRO,D,SSM,NA,-73.16208,-5.2495,8.49,11.73,24.37,19.88,54.67,21.06,21.59,13.88,10.73,14.64,38.85,19.04,45.31,8.24,9.78,11.75,5.35,3.1,10.03,10.14,6.72,28.38
AMNH272699,,AMNH,simonsi,GALVEZ,PRO,E,WAM,F,-73.16208,-5.24950,9.35,11.84,27.12,20.38,57.23,22.5,23.75,14.72,11.35,15.33,39.52,18.45,45.73,8.87,10.13,11.81,4.73,2.78,10.58,9.62,7.2,30.11
AMNH272700,,AMNH,longicaudatus,GALVEZ,PRO,D,SSM,M,-73.16208,-5.2495,8.29,11.7,24.81,20.13,51.73,18.77,19.25,13.97,9.98,13.81,36.13,17.91,42.34,8.39,9.07,10.22,4.37,2.38,10.04,9.51,6.07,27.91
AMNH272716,,AMNH,simonsi,GALVEZ,PRO,E,WAM,M,-73.16208,-5.24950,8.88,11.71,26.39,19.75,57.18,22.04,22.57,14.45,11.65,15.02,38.17,17.64,44.77,7.85,9.45,11.3,5.41,2.37,9.67,9.52,6.92,28.92
AMNH272717,,AMNH,simonsi,GALVEZ,PRO,E,WAM,NA,-73.16208,-5.24950,8.3,11.95,24.49,19.89,57.03,21.99,22.56,14.4,11.33,14.61,38.38,17.71,44.78,8.65,9.55,11.46,4.32,2.66,10.16,9.73,6.87,28.81
AMNH28517,,AMNH,semispinosus,LEON,PRO,D,CAM,F,-86.57038,12.98484,8.88,13.72,27.86,20.43,59.92,23.44,24.75,14.7,11.51,15.96,42.48,20.77,49.18,9.26,9.57,12.65,5.45,3.1,10.29,10.48,7.24,31.17
AMNH29548,,AMNH,outgroup,NICARAGUA,HG,-,-,M,-87.22868,12.87533,9.23,14.13,28.05,21.02,62.14,24.02,23.74,15.54,12.83,17.08,43.94,20.87,51.84,9.32,9.89,13.12,5.12,3.68,10.44,10.98,7.41,30.45
AMNH30189,,AMNH,guyannensis,CAURA,PRO,C,SVZ,F,-65.11667,7.15,8.45,12.38,25.95,20.06,54.09,19.92,21.58,14.38,10.8,14.84,37.66,17.16,44.95,8.27,9.4,11.01,5.23,2.99,10.97,9.68,6.36,28.36
AMNH30205,,AMNH,guyannensis,CAURA,PRO,C,SVZ,F,-65.11667,7.15,8.25,11.58,23.77,19.31,50.52,17.53,19.65,13.28,9.83,13.63,35.2,15.85,41.47,8.25,8.83,10.26,5.24,2.85,10.62,9.83,6.04,26.38
AMNH30722,,AMNH,guyannensis,YURUARI,PRO,C,SVZ,F,-61.68548,6.7465,7.72,10.21,22.54,16.26,46.87,17.93,19.26,12.32,8.97,12.03,33.12,14.53,38.95,7.16,7.64,9.54,5.13,2.85,9.03,8.97,5.38,23.89
AMNH30723,,AMNH,guyannensis,YURUARI,PRO,C,SVZ,F,-61.68548,6.7465,8.32,10.8,22.69,16.93,47.9,17.36,19.07,12.54,9.22,12.79,33.03,14.35,38.68,7.53,8.27,9.55,4.89,2.48,9.4,8.89,5.64,24.54
AMNH30724,,AMNH,guyannensis,YURUARI,PRO,C,SVZ,F,-61.68548,6.7465,8.12,10.35,22.86,18.16,52.91,20.1,21.35,13.13,9.88,13.04,36.43,16.16,42.65,7.69,8.19,10.68,5.46,2.88,9.58,8.67,6.37,26.04
AMNH33212,,AMNH,semispinosus,ESMERALDAS,PRO,D,CAM,F,-79.65856,0.96441,7.59,12.36,25.71,19.86,54.82,19.56,21.02,13.84,10.56,14.77,37.05,17.41,44.11,9.13,8.59,10.56,4.79,2.28,9.18,9.97,6.86,27.99
AMNH33213,,AMNH,semispinosus,ESMERALDAS,PRO,D,CAM,F,-79.65856,0.96441,8.67,12.84,26.27,19.01,55.74,21.78,22.02,14.78,10.92,14.27,39.68,19.27,46.98,9.5,9.47,11.93,5.11,2.28,9.73,9.82,7.09,29.13
AMNH34211,,AMNH,outgroup,COLOMBIA,HG,-,-,M,-78.08333,1.48333,9.43,13.86,28.26,20.84,57.1,21.81,22.63,13.88,12.51,15.52,39.69,19.75,46.49,9.29,10.3,11.94,3.73,1.93,10,10.75,6.84,29.47
AMNH63081,,AMNH,decumanus,CHOGONCITO,PRO,D,ECU,M,-80.07814,-2.23388,9.74,13.09,30.02,22.07,60.35,24.11,25.71,14.73,12.11,16.53,44.85,19.76,51.77,9.76,10.33,12.77,5.74,3.02,11.95,10.58,7.51,33.82
AMNH64663,,AMNH,decumanus,SUCRE,PRO,D,ECU,M,-80.4267,-0.61975,8.96,13.11,27,22.28,56.97,20.97,22.89,13.37,10.87,15.42,40.75,19.7,47.06,9.59,9.21,11.87,5.59,3.62,10.88,10.21,6.9,29.63
AMNH64666,,AMNH,decumanus,SUCRE,PRO,D,ECU,NA,-80.4267,-0.61975,8.89,12.19,26.06,20.53,54.98,20.78,22.76,12.65,10.2,14.22,39.68,19.61,45.56,9.51,9.17,11.47,5.25,2.84,11.25,9.67,6.77,29.9
AMNH75633,,AMNH,trinitatis,RORAIMA,TEP,-,-,F,-60.76443,5.17078,9.15,12.08,25.71,19.32,52.75,19.03,21.55,12.32,9.97,14.09,38.06,17.75,44.74,8.93,9.76,11.77,4.76,3.01,9.04,9.23,7.13,29.17
APC1034,,MZUSP,longicaudatus,SERRAARARAS,PRO,D,SCE,F,-57.21464,-15.65353,8.31,11.5,24.74,19.43,50.39,18.09,19.91,12.83,9.59,13.44,35.36,18.11,41.62,8.66,8.43,10.06,4.39,2.54,9.86,8.92,6.05,26.48
APC1069,,MZUSP,longicaudatus,SERRAARARAS,PRO,D,SCE,F,-57.21464,-15.65353,8.42,10.94,24.58,20.4,52.18,19.92,20.94,13.01,9.87,13.63,37.53,18.73,43.65,8.25,8.35,11.35,6.21,2.79,10.03,8.54,6.71,28.26
APC1072,,MZUSP,longicaudatus,SERRAARARAS,PRO,D,SCE,M,-57.21464,-15.65353,8.47,11.46,24.76,20.46,52,19.73,20.27,13.16,10.1,13.18,37.6,18.36,43.5,8.22,8.58,11.15,5.8,3.15,9.92,9.64,6.55,27.95
APC1085,,MZUSP,longicaudatus,SERRAARARAS,PRO,D,SCE,F,-57.21464,-15.65353,8.47,11.31,24.6,19.47,51.09,18.02,19.49,12.87,9.61,13.24,36,17.86,42.21,8.5,8.75,10.75,4.94,2.79,9.9,8.55,6.28,26.09
APC1095,,MZUSP,longicaudatus,SERRAARARAS,PRO,D,SCE,F,-57.21464,-15.65353,8.1,11.38,23.59,19.27,51.36,18.08,19.85,12.94,9.78,13.13,36.08,17.84,42.3,8.68,8.45,10.26,4.32,2.8,9.74,9.41,6.23,27.16
APC342,,MZUSP,guyannensis,VILARICA,PRO,B,XAI,F,-51.11932,-10.01433,7.54,10.75,22.26,17.6,47.01,17.63,17.68,12.35,8.41,11.8,32.31,15.59,38.53,7.42,7.54,9.03,4.05,2.19,9.44,8.43,5.34,23.86
APC344,,MZUSP,guyannensis,VILARICA,PRO,B,XAI,NA,-51.11932,-10.01433,7.56,10.48,22.25,18.02,47.64,17.44,17.98,12.52,8.41,11.75,33.21,15.07,39.18,7.03,7.52,9.57,4.74,2.46,10.17,9.44,5.51,22.56
CIT588,M088,MZUSP,goeldii,GAUCHA,PRO,A,EAM,F,-53.25595,-13.18229,8.59,12.87,26.95,22.68,58.07,23.1,23.6,14.48,10.97,15.39,41.69,19.47,48.73,8.43,9.76,12.14,5.03,2.44,11.17,10.23,6.59,29.28
CIT644,APC172,MZUSP,goeldii,JURUENA,PRO,A,PTI,F,-58.49231,-10.32276,9.05,12.76,27.09,21.07,56.94,22.28,23.48,14.42,11.13,14.76,41.08,19.04,47.22,8.12,9.52,12.04,4.41,2.36,10.41,9.36,6.42,29.35
EFA004,,LMUSP,goeldii,PURUS_RIG,PRO,A,PTI,M,-61.82882,-4.35058,8.22,13,25.81,21.34,56.54,22.12,23.01,14.09,11.26,15.04,40.07,18.41,46.33,8.73,8.71,11.74,5.71,2.81,10.57,9.88,6.9,30.22
EFA015,,LMUSP,goeldii,PURUS_RIG,PRO,A,PTI,M,-61.82744,-4.40803,8.97,13.54,27.56,22.04,62.09,22.89,24.55,15.48,12.14,16.67,44.54,21.43,51.15,8.61,9.48,13.83,6.77,2.93,11.03,9.99,8.3,32.96
EFA038,,LMUSP,simonsi,PURUS_LEF,PRO,E,WAM,F,-62.26745,-4.42802,9.74,12.36,27.92,20.72,60.10,22.70,24.00,15.29,12.03,15.93,41.42,19.00,48.48,7.74,9.68,12.87,4.26,3.06,10.63,10.10,8.01,30.73
ICA027,,LMUSP,echinothrix,ICA_LEF,PRO,A,NSR,F,-68.35518,-2.89186,8.27,12.12,23.95,20.03,53.27,20.08,21.61,13.82,10.42,13.75,37.28,17.91,42.57,7,8.89,11.62,4,2.66,9.78,8.79,6.42,25.59
ICA095,,LMUSP,goeldii,ICA_LEF,PRO,A,IJM,M,-68.33989,-2.90496,8.9,12.96,26.76,21.33,59.25,22.38,23.55,15.24,11.45,15.38,41.7,19.85,48.46,9.98,10.09,12.2,4.92,2.66,10.52,10.34,7.83,32.01
ICA240,,LMUSP,echinothrix,ICA_RIG,PRO,A,NSR,F,-68.87975,-3.03818,8.49,11.59,24.9,19.58,54.28,20.83,22.21,14.04,10.64,14.41,38.64,18.65,44.6,7.8,8.98,11.71,5.64,2.81,9.72,9.56,6.33,29.37
ICA246,,LMUSP,goeldii,ICA_RIG,PRO,A,IJM,M,-68.88524,-3.02949,9.52,13.84,28.06,22.27,60.05,22.98,23.88,15.25,12.02,16.63,42.86,21.12,49.69,8.8,9.7,12.96,4.94,2.87,10.76,10.06,7.87,33.76
ICA269,,LMUSP,echinothrix,ICA_RIG,PRO,A,NSR,F,-68.88154,-3.03794,8.71,11.91,24.47,18.89,51,18.79,20.73,12.96,9.78,13.19,35.32,17.02,41.24,7.99,8.66,10.3,5.15,2.7,9.42,9.02,6.16,26.85
JAP006,,LMUSP,goeldii,JAP_LEF,PRO,A,IJM,F,-65.75583,-1.76103,9.02,12.88,27.68,23.09,62.79,25.16,25.47,15.88,12.25,16.62,44.87,21.9,52.78,10.07,8.57,13.12,6.01,2.98,11.38,10.54,8.31,34.15
JAP013,,LMUSP,goeldii,JAP_LEF,PRO,A,IJM,F,-65.75583,-1.76103,8.56,12.97,25.39,21.35,54.64,20.05,20.86,14.32,10.49,14.38,38.65,18.11,45.65,9.55,8.6,10.88,4.96,2.49,9.88,10.22,6.59,28.92
JAP085,,LMUSP,echinothrix,JAP_RIG,PRO,A,NSR,F,-66.35717,-1.76422,7.56,10.97,23.52,19.22,50.99,18.69,20.08,12.91,9.73,13.31,35.53,17.18,41.52,7.06,8.64,10.83,4.24,2.3,10.12,8.38,6.83,25.88
JAP086,,LMUSP,longicaudatus,JAP_RIG,PRO,D,JAP,M,-66.35717,-1.76422,8.91,12.88,25.92,20.8,58.65,21.01,22.83,14.7,11.5,15.66,40.73,19,47.74,8.5,7.95,12.09,5.2,3.14,10.48,10.31,7.41,30.65
JAP094,,LMUSP,longicaudatus,JAP_RIG,PRO,D,JAP,M,-66.35717,-1.76422,8.15,12.53,25.43,19.47,55.27,20.59,22.18,13.78,10.45,14.38,37.92,19.01,44.69,8.2,7.75,11.33,6.14,2.54,9.71,9.75,6.93,27.41
JAP095,,LMUSP,longicaudatus,JAP_RIG,PRO,D,JAP,F,-66.35717,-1.76422,7.53,12.09,25.12,20.25,54.25,19.05,21.33,13.92,10.63,14.52,37.67,18.74,44.17,8.57,8.26,10.93,5.45,2.12,9.6,9.37,7.01,28.64
JAP098,,LMUSP,longicaudatus,JAP_RIG,PRO,D,JAP,F,-66.35717,-1.76422,7.97,11.91,25.09,19.97,54.26,20.42,21.32,13.52,10.51,14.5,37.4,19.01,44.01,8.22,8.53,11.18,5.1,2.52,9.69,10.01,6.64,28.15
JAP099,,LMUSP,longicaudatus,JAP_RIG,PRO,D,JAP,M,-66.35717,-1.76422,8.71,13.45,26.17,20.4,59.85,21.62,23.46,14.4,12.02,15.79,40.91,21.21,48.13,8.72,7.98,12.16,5.64,2.92,11.09,9.88,7.37,30.61
JAP102,,LMUSP,longicaudatus,JAP_RIG,PRO,D,JAP,F,-66.35717,-1.76422,7.92,12.18,24.96,20.01,53.7,19.73,20.49,13.58,10.81,14.37,37.62,18.61,43.93,8.5,8.52,10.8,6.04,2.6,10.36,9.41,6.45,26.46
JAP107,,LMUSP,longicaudatus,JAP_RIG,PRO,D,JAP,M,-66.35717,-1.76422,8.06,12.34,26.43,20.45,57.05,21.32,22.63,14.54,11.64,15.55,39.47,20.29,46.44,8.44,8.17,11.76,5.29,2.47,10.41,9.79,7.22,28.82
JAP108,,LMUSP,longicaudatus,JAP_RIG,PRO,D,JAP,F,-66.35717,-1.76422,8.09,11.54,26.11,20.98,54.86,20.47,21.65,14,10.83,14.77,37.85,18.99,44.12,8.52,8.05,11.33,5.53,2.6,10.57,10.04,7.01,29.5
JAP109,,LMUSP,echinothrix,JAP_RIG,PRO,A,NSR,M,-66.35717,-1.76422,7.58,10.76,22.47,17.95,47.14,17.26,18.5,12.09,8.6,12.13,32.08,14.9,38,7.19,7.05,9.32,3.42,2.39,9.13,8.63,5.99,24.31
JAP110,,LMUSP,longicaudatus,JAP_RIG,PRO,D,JAP,F,-66.35717,-1.76422,8.45,12.15,25.42,21.03,53.09,20.01,20.45,13.63,10.33,14.38,36.46,18.5,42.71,8.19,7.54,10.44,5.56,2.71,10.69,9.47,6.39,27.73
JAP116,,LMUSP,longicaudatus,JAP_RIG,PRO,D,JAP,F,-65.75918,-1.76611,8.39,11.63,24.59,19.77,51.68,18.65,19.73,13.6,10.13,14.03,35.97,18,42.45,8.02,7.96,10.69,5.47,2.71,9.86,9.08,6.68,27.68
JAP117,,LMUSP,longicaudatus,JAP_RIG,PRO,D,JAP,F,-65.75918,-1.76611,8.37,11.95,25.46,19.96,52.74,17.83,19.96,13.79,10.46,14.39,36.68,18.88,43.02,8.5,8.51,10.66,5.38,2.89,10.21,9.13,6.56,27.24
JAP118,,LMUSP,echinothrix,JAP_RIG,PRO,A,NSR,F,-65.75918,-1.76611,6.45,10.76,22.46,17.56,46.91,17.33,18.2,12.73,9.01,12.06,32.52,15.09,38.28,7.16,7.19,9.23,3.61,2.39,9.57,8.35,5.71,24.55
JAP122,,LMUSP,echinothrix,JAP_RIG,PRO,A,NSR,F,-65.75918,-1.76611,7.22,10.84,23,18.93,48.95,18.35,20.19,12.45,9.52,12.93,33.26,16.5,39.98,7.28,7.88,10.19,3.66,2.25,9.97,8.37,6.28,25.53
JAP124,,LMUSP,longicaudatus,JAP_RIG,PRO,D,JAP,F,-65.75918,-1.76611,7.97,11.41,24.34,19.8,51.27,18.96,19.66,13.73,9.92,13.88,35.03,17.53,40.95,8.38,8.15,9.79,5.22,2.56,10,9.8,6.16,26.76
JAP133,,LMUSP,echinothrix,JAP_RIG,PRO,A,NSR,F,-66.35717,-1.76422,6.9,10.37,22.02,18.39,48.73,18.98,20.33,12.46,9.2,12.39,33.71,16.71,39.16,6.96,6.87,10.2,3.11,2.11,9.65,8.14,6.25,24.7
JAP145,,LMUSP,echinothrix,JAP_RIG,PRO,A,NSR,F,-65.75918,-1.76611,7.4,10.15,22.22,17.81,45.8,16.12,17.97,12.02,8.84,12.3,31.71,14.63,37.21,7.05,8.02,8.95,3.41,2.28,9.26,8.42,5.84,23.98
JAP152,,LMUSP,echinothrix,JAP_RIG,PRO,A,NSR,F,-66.35717,-1.76422,6.67,9.82,22.34,17.99,46.85,17.18,18.75,12.3,8.82,12.24,31.86,15,37.65,7.21,7.66,9.31,3.22,2.12,8.8,8.66,5.54,23.65
JAP155,,LMUSP,longicaudatus,JAP_RIG,PRO,D,JAP,M,-66.35717,-1.76422,8.44,12.72,26.08,20.99,56.63,22.08,23.01,13.9,11.22,14.96,38.71,20.51,45.48,9.07,8.68,11.1,5.06,2.71,10.33,9.59,6.79,29.11
JAP160,,LMUSP,longicaudatus,JAP_RIG,PRO,D,JAP,F,-66.35717,-1.76422,7.88,12.28,25.09,20.28,53.79,19.69,20.84,13.67,10.69,14.24,37.41,19.08,44.19,8.19,8.04,11.54,5.16,2.88,10.43,9.52,6.97,28.58
JAP161,,LMUSP,longicaudatus,JAP_RIG,PRO,D,JAP,F,-66.35717,-1.76422,8.44,12.78,25.26,20.43,56.05,20.18,22.16,14.62,10.87,14.91,38.99,19.6,45.43,8.6,8.2,11.41,4.59,2.69,10.42,9.73,6.64,29.07
JAP162,,LMUSP,longicaudatus,JAP_RIG,PRO,D,JAP,F,-65.75918,-1.76611,8.68,11.51,26.76,20.92,53.38,19.92,20.77,13.56,10.45,14.59,37.29,18.26,43.91,8.15,8.21,11.41,5.33,2.69,9.78,9.55,6.61,28.26
JAP168,,LMUSP,longicaudatus,JAP_RIG,PRO,D,JAP,F,-66.35717,-1.76422,8.81,12.32,26.24,21.44,54.73,21.04,21.34,13.9,10.5,14.62,37.89,19.38,44.2,8.38,9.25,11.33,5.52,2.87,10.43,9.56,7.37,28.8
JAP173,,LMUSP,longicaudatus,JAP_RIG,PRO,D,JAP,F,-66.35717,-1.76422,9.23,12.33,26.9,21.42,56.71,20.57,21.58,14.78,11.06,15.15,39.2,19.31,46.41,8.95,8.04,11.55,5.73,2.81,10.74,9.63,7.1,29.89
JAP179,,LMUSP,longicaudatus,JAP_RIG,PRO,D,JAP,F,-65.75918,-1.76611,8.55,12.65,26.12,20.47,54.31,19.45,21.22,13.9,10.4,14.52,38.57,18.86,44.6,8.91,9.21,11.06,5.58,2.61,10.26,9.28,7.04,29.39
JAP192,,LMUSP,longicaudatus,JAP_RIG,PRO,D,JAP,F,-66.35717,-1.76422,8.37,11.38,24.59,19.52,51.74,18.53,19.57,12.62,10.6,14.1,35.6,17.28,41.81,8.2,8.58,10.95,4.7,2.22,10.06,9.94,6.66,27.06
JAP193,,LMUSP,echinothrix,JAP_RIG,PRO,A,NSR,F,-66.35717,-1.76422,7.33,10.64,22.95,17.89,48.35,17.49,19.16,12.8,9.36,12.81,33.84,16.46,39.79,7.12,7.77,9.9,3.76,2.32,9.55,8.62,6.35,24.74
JAP208,,LMUSP,echinothrix,JAP_RIG,PRO,A,NSR,M,-65.75918,-1.76611,7.41,11.3,23.89,18.63,50.1,19.14,20.89,12.93,9.92,13.37,34.84,16.72,41.14,7.51,8.41,10.52,3.65,2.15,9.67,9.22,6.17,25.25
JAP209,,LMUSP,echinothrix,JAP_RIG,PRO,A,NSR,M,-66.35717,-1.76422,8.05,11.36,23.62,18.3,51.37,19.63,21.22,12.64,10.03,13.34,35.22,16.26,41.49,7.66,7.72,10.11,3.92,2.45,10.23,8.63,6.46,26.45
JAP223,,LMUSP,echinothrix,JAP_RIG,PRO,A,NSR,F,-66.35717,-1.76422,7.92,11.55,23.98,19.06,50.94,19.55,20.85,12.78,10.14,13.38,34.92,16.63,41.17,7.37,8.61,10.65,4.18,2.7,10.42,8.92,6.7,26.46
JAP225,,LMUSP,longicaudatus,JAP_RIG,PRO,D,JAP,F,-66.35717,-1.76422,9.16,12.85,26.53,20.85,54.12,19.93,20.49,14.25,11.31,14.49,37.63,18.32,43.97,8.86,8.79,11.14,5.27,2.4,11.08,9.09,6.58,28.13
JUF009,,LMUSP,guyannensis,JUF_RIG,PRO,C,NRB,F,-62.13603,-0.95611,8.18,10.93,23.37,18.75,48.86,18.48,19.47,12.36,9.46,12.5,34.45,16.31,40.06,7.81,7.6,10.49,4.87,2.69,9.22,9.17,6.3,25.74
JUF017,,LMUSP,guyannensis,JUF_RIG,PRO,C,NRB,M,-62.15008,-0.94917,7.21,10.34,22.51,18.06,47.49,17.35,18.33,12.56,8.85,11.93,33.51,15.85,39.54,7.42,7.45,10.33,4.77,2.76,9.39,9.12,5.78,26.27
JUF028,,LMUSP,guyannensis,JUF_RIG,PRO,C,NRB,F,-62.13603,-0.95611,7.86,11.42,23.62,18.98,52.06,20.58,21.27,13.56,9.95,13.26,36.38,17.75,42.1,7.69,8.18,11.11,5.24,3.35,9.98,9.26,6.3,25.14
JUF164,,LMUSP,guyannensis,JUF_RIG,PRO,C,NRB,F,-62.09181,-1.02889,7.4,10.59,22.52,18.52,49.54,18.63,19.66,12.58,9.67,12.71,33.92,15.65,40.25,8.2,7.88,9.81,4.49,2.79,9.65,9.02,6.59,27.78
M968564,,MZUSP,guyannensis,CLAUDIA,PRO,B,TXI,M,-54.87472,-11.50302,8.03,10.28,22.91,18.51,51.89,18.94,20.46,13.78,9.33,12.89,36.63,17.03,42.65,7.83,7.9,10.41,5.16,3.02,10.76,8.58,6.08,26.88
M97029,,MZUSP,guyannensis,CLAUDIA,PRO,B,TXI,M,-54.87472,-11.50302,7.03,10.93,21.46,17.45,44.32,15.1,16.78,11.78,8.05,11.44,31.22,14.59,36.56,7.07,6.9,8.81,4.92,2.36,9.26,8.85,5.23,21.93
M97124,,MZUSP,guyannensis,CLAUDIA,PRO,B,TXI,F,-54.87472,-11.50302,7.49,10.1,22.8,17.74,46.61,16.16,17.89,12.29,8.6,11.55,33.23,15.63,38.95,6.87,8.36,9.52,4.57,2.55,9.63,8.7,5.41,23.84
M97184,,MZUSP,goeldii,CLAUDIA,PRO,A,EAM,M,-54.87472,-11.50302,9.19,13.82,27.96,22.48,60.21,23.33,23.75,14.91,11.43,16.24,41.35,19.87,48.28,9.34,9.44,12.08,5.55,2.72,11.52,10.41,8.07,31.83
M976265,,MZUSP,guyannensis,CLAUDIA,PRO,B,TXI,M,-54.87472,-11.50302,8.47,11.55,25.77,20.26,51.33,19.55,20.13,13.34,10.64,13.9,37.64,17.45,43.64,8.13,8.82,10.45,4.85,2.87,10.79,9.09,6.19,27.4
MCNM1380,,MCN-M,guyannensis,PARAUAPEBAS,PRO,B,XAI,M,-50.06717,-6.0548,7.85,10.89,24.57,19.65,55.56,21.18,22.08,13.26,10.02,13.86,38.53,18.34,44.58,8.21,9.05,10.56,5.2,3.63,10.69,9.65,6.68,28.59
MCNM1461,,MCN-M,guyannensis,CARAJAS_CRIS,PRO,B,XAI,F,-49.72934,-6.43589,7.92,10.08,23.45,18.85,48.62,19.18,19.49,12.17,9.18,12.63,35,17.25,40.8,7.65,8.65,10.2,6.15,3.28,9.63,8.97,6.1,25.87
MCNM1490,,MCN-M,guyannensis,PARAUAPEBAS,PRO,B,XAI,F,-50.06717,-6.0548,6.34,9.77,22.12,18.37,47,16.13,17.77,11.96,8.32,12.13,32.23,14.84,38.37,7.32,7.67,8.93,4.49,2.55,9.61,9.18,5.35,23.69
MCNM1497,,MCN-M,guyannensis,CARAJAS_CRIS,PRO,B,XAI,M,-49.72934,-6.43589,9.2,10.92,25.58,19.48,53.8,20.96,22.5,13.41,10,12.97,38.52,17.63,45.18,7.93,8.49,10.68,5.61,3.58,10.69,8.57,5.99,28.14
MCNM980,,MCN-M,longicaudatus,TROMBETAS,PRO,D,NAR,M,-56.37939,-1.46522,9.23,11.37,25.52,21.52,49.91,17.04,19.88,12.85,9.91,13.58,36.32,16.38,42.08,7.83,9.45,11.29,5.13,2.23,9.95,10.14,6.77,28.55
MJ008,,LMUSP,gardneri,CAICARA_LEF,PRO,A,JMI,M,-64.87035,-9.44602,7.62,10.75,23.45,18.9,50.31,18.93,19.74,12.52,9.66,12.27,34.77,16.46,40.51,7.35,8.01,10.5,4.62,2.57,9.73,8.4,5.92,25.32
MJ018,,LMUSP,gardneri,CAICARA_LEF,PRO,A,JMI,M,-64.83393,-9.44944,6.53,10.46,22.36,17.96,48.16,18.3,19,11.6,8.64,11.73,32.95,14.85,38.97,7.12,6.11,9.19,3.9,2.29,9.69,8.04,5.79,24.04
MJ070,,LMUSP,gardneri,MAD_LEF,PRO,A,JMI,M,-64.84313,-9.45063,8.15,11.11,22.6,18.98,51.33,20.55,20.33,12.86,9.52,13.11,36.94,17.37,42.66,7.79,7.13,11.01,5.22,2.89,9.49,8.61,6.04,26.99
MJ158,,LMUSP,simonsi,CAICARA_LEF,PRO,E,WAM,F,-64.82581,-9.44550,8.66,11.56,25.43,19.31,55.68,19.67,21.92,14.32,10.40,14.33,37.67,16.87,44.70,8.59,9.12,10.86,4.87,3.06,10.80,10.09,6.92,28.07
MJ252,,LMUSP,goeldii,ABUNA_RIG,PRO,A,PTI,M,-65.34884,-9.59557,7.89,11.84,24.65,20.69,54.05,20.08,21.06,14.47,10.87,14,37.95,16.96,44.2,8.45,8.71,10.38,3.65,2.1,9.87,9.9,6.24,29.85
MJ272,,LMUSP,gardneri,CAICARA_LEF,PRO,A,JMI,F,-64.83465,-9.44823,7.51,11.32,21.89,18.65,47.93,17.75,18.63,12.38,8.83,12.26,33.61,15.1,43.38,7.07,7.05,9.46,4.13,2.44,10.37,8.23,5.74,24.02
MJ330,,LMUSP,longicaudatus,CAICARA_LEF,PRO,D,UMR,F,-64.79292,-9.42976,7.6,10.48,24.1,18.16,50.28,18.3,19.34,13.63,9.55,12.96,35.42,17.15,41.28,8.39,7.35,10.17,4.94,2.79,9.85,9.41,6.05,24.95
MJ391,,LMUSP,goeldii,CAICARA_LEF,PRO,A,PTI,M,-64.83327,-9.43604,8.25,12.49,26.19,20.69,56.97,21.63,22.69,14.15,10.93,14.87,40.31,19.13,46.87,8.6,9.17,11.45,4.46,2.58,10.32,10.09,7.29,30.46
MJ397,,LMUSP,simonsi,CAICARA_LEF,PRO,E,WAM,F,-64.83294,-9.43781,6.52,10.19,21.87,17.96,48.81,18.49,19.27,12.43,8.58,12.11,33.89,15.30,40.00,7.22,7.47,9.65,3.62,2.34,9.57,8.42,5.65,25.08
MJ402,,LMUSP,gardneri,MAD_LEF,PRO,A,JMI,F,-64.84323,-9.45019,6.84,10.4,22.35,17.65,48.79,18.22,19.41,12.21,9.05,12.4,33.87,15.74,39.45,7.91,7.73,10.23,3.74,2.35,10.44,8.63,5.48,24.7
MJ449,,LMUSP,gardneri,ABUNA_LEF,PRO,A,JMI,M,-65.46861,-9.61306,8.09,11.4,23.59,20.69,53.41,19.54,21.24,12.88,9.95,13.19,36.5,18.03,42.83,7.57,8.43,10.71,3.7,2.51,10.48,8.74,6.13,24.51
MJ515,,LMUSP,gardneri,CAICARA_LEF,PRO,A,JMI,M,-64.85128,-9.45414,6.73,10.29,22.6,18.42,48.6,17.97,19.57,12.26,9.06,12.1,34.52,14.9,39.78,7.58,7.24,9.36,4.45,2.67,9.9,8.5,5.39,24.86
MJ537,,LMUSP,gardneri,CAICARA_LEF,PRO,A,JMI,M,-64.87124,-9.44407,6.91,11.13,23.79,18.72,48.27,17.77,18.96,12.54,9.26,12.7,34.4,16,40.31,7.28,8.64,10.18,4.81,2.43,10.58,8.31,5.86,25.88
MJ540,,LMUSP,gardneri,CAICARA_LEF,PRO,A,JMI,F,-64.87124,-9.44407,6.95,10.47,21.06,17.47,44.66,16.13,17.47,11.85,8.57,11.67,32.24,14.33,38.01,6.94,7.33,9.5,4.09,2.36,9.66,8.03,5.21,22.92
MJ549,,LMUSP,simonsi,CAICARA_LEF,PRO,E,WAM,M,-64.86000,-9.45673,8.14,11.19,23.20,18.61,52.68,19.00,20.34,13.69,9.67,13.20,36.95,16.80,43.05,7.92,8.54,10.59,4.43,2.85,10.27,8.53,6.09,27.27
MJ601,,LMUSP,goeldii,MUTUM_LEF,PRO,A,PTI,F,-65.0713,-9.56918,8.71,12.2,25.59,22.14,58.62,22.11,23.35,14.82,11.21,14.87,40.9,19.67,47.92,8.76,9.17,12.23,4.73,2.6,10.64,10.24,7.74,31.13
MJ636,,LMUSP,simonsi,CAICARA_LEF,PRO,E,WAM,M,-64.85177,-9.44160,7.48,11.34,21.15,17.18,47.52,17.26,18.74,12.09,8.24,11.73,32.59,15.22,38.30,7.46,7.28,9.39,4.32,2.19,9.42,8.28,5.79,24.08
MJ709,,LMUSP,gardneri,CAICARA_LEF,PRO,A,JMI,F,-64.83478,-9.4478,7.16,10.52,21.38,18.99,48.39,17.45,18.94,12.79,8.96,12.89,34.32,15.72,40.41,7.14,7.51,9.8,4.72,2.49,9.75,9.06,6.23,24.79
MJ774,,LMUSP,simonsi,CAICARA_LEF,PRO,E,WAM,F,-64.83314,-9.43693,7.35,10.82,23.53,19.43,49.23,19.72,20.05,12.47,9.45,13.09,34.53,17.59,40.18,7.58,7.60,10.10,5.16,3.11,10.26,8.38,6.10,25.11
MN19620,,MN,guyannensis,UTINGA,PRO,B,XAI,M,-48.43832,-1.41888,7.9,11.11,24.42,19.34,51.88,19.69,20.68,13.88,10.32,13.05,37.35,16.96,43.45,7.79,8.66,10.68,5.5,2.43,9.96,9.5,5.9,26.84
MN19622,,MN,guyannensis,UTINGA,PRO,B,XAI,M,-48.43832,-1.41888,8.49,11.28,25.32,19.43,54.56,20.59,21.72,14.03,10.45,13.76,38.61,17.43,44.73,7.52,8.86,11.13,5.56,3.12,9.96,9.71,7.08,27.21
MN19625,,MN,guyannensis,UTINGA,PRO,B,XAI,F,-48.43832,-1.41888,7.96,11.26,23.88,19.74,52.92,19.95,21.4,13.39,10.46,13.77,37.16,18.07,43.47,7.91,8.34,10.95,4.79,3.1,9.68,9.17,6.49,27.56
MN1974,,MN,guyannensis,BELEM,PRO,B,XAI,M,-48.49244,-1.45968,7.94,10.49,23.86,18.29,53.16,18.99,20.85,14.53,10.22,13.71,36.21,17.68,42.66,7.69,8.42,10.42,5.95,2.64,9.66,9.16,6.63,27.5
MN21910,,MN,guyannensis,BRASILIA,PRO,B,CER,F,-47.90605,-15.7862,8.51,11.33,24.64,19.15,53.62,21.43,21.47,13.72,10.07,13.58,38.44,18.49,44.21,8.75,8.56,11.33,5.54,3.28,9.97,8.7,6.69,27.5
MN21912,,MN,guyannensis,BRASILIA,PRO,B,CER,M,-47.90605,-15.7862,8.93,12.22,27.67,20.52,55.72,21.85,21.34,14.38,10.42,14.42,41.03,19.08,46.95,8.37,9.51,11.3,6.09,3.58,10.72,9.4,6.33,30.16
MN21918,,MN,guyannensis,BRASILIA,PRO,B,CER,M,-47.90605,-15.7862,8.51,11.02,25.28,19.79,56.25,21.61,22.72,13.73,10.13,13.74,40.1,18.13,46.6,8.43,8.61,11.01,5.91,3.23,10.5,9.16,6.38,30.59
MN21919,,MN,guyannensis,BRASILIA,PRO,B,CER,M,-47.90605,-15.7862,8.18,11.56,24.86,19.75,53.45,20.62,21.21,13.31,10.13,13.5,36.99,16.01,44.31,8.37,8.71,10.77,4.59,3.2,10.07,9.67,6.32,27.11
MN21920,,MN,guyannensis,BRASILIA,PRO,B,CER,M,-47.90605,-15.7862,8.16,10.47,23.36,18.26,48.25,18.63,19.23,11.95,8.91,12.19,34.65,16.63,40.53,8.1,8.07,10.17,5.42,3.25,8.95,9.1,5.76,25.11
MN22258,,MN,guyannensis,BRASILIA,PRO,B,CER,F,-47.90605,-15.7862,8.64,11.28,25.67,20.32,52.92,20.01,20.25,13.08,9.97,13.82,38.38,17.4,44.54,8.3,9,10.34,5.55,3.35,11.04,8.75,6.11,28.78
MN34460,,MN,guyannensis,UTINGA,PRO,B,XAI,NA,-48.43832,-1.41888,7.92,11.18,24.9,19.85,51.94,19.21,19.91,13.99,9.76,13.26,37.95,16.73,43.55,7.36,8.38,11.17,5.15,2.87,10.31,9.55,6.74,27.19
MN34462,,MN,guyannensis,UTINGA,PRO,B,XAI,F,-48.43832,-1.41888,6.97,10.5,21.33,16.63,46.86,17.59,19.13,12.29,8.98,12.07,31.79,14.69,37.46,7.53,7.21,9.46,5.02,2.46,8.91,8.76,5.82,24.43
MN35875,,MN,longicaudatus,IQUITOS_NAUTA,PRO,D,NSM,M,-73.4774,-4.09507,8.93,12.98,26.53,20.99,58.57,23.08,24.38,14.39,11.76,15.92,41.12,19.44,48.39,8.34,9.41,12.38,5.85,2.31,10.18,9.39,7.51,31.68
MN35994,,MN,guyannensis,SERRAMESA,PRO,B,CER,NA,-48.30485,-13.83346,9.29,11.05,25.06,20.06,52.84,20.32,21.34,13.27,9.89,13.39,37.8,19.14,44.03,8.24,9.22,11.48,5.81,3.34,10.24,8.63,6.35,28.12
MN36021,,MN,guyannensis,SERRAMESA,PRO,B,CER,NA,-48.30485,-13.83346,8.39,10.69,23.31,18.19,49.37,19.03,19.48,12.48,9.3,12.42,34.46,16.99,41.04,8.37,8.73,10.17,5.08,3.05,9.57,9.58,6.07,25.62
MN36036,,MN,guyannensis,SERRAMESA,PRO,B,CER,M,-48.30485,-13.83346,8.59,10.54,24.91,19.13,49.84,19.13,19.61,12.93,9.64,13.03,35.73,17.79,42.1,8.86,9.43,9.94,5.67,3.38,9.92,8.82,5.81,26.25
MN36049,,MN,guyannensis,SERRAMESA,PRO,B,CER,NA,-48.30485,-13.83346,8.4,10.23,23.87,18.96,50.04,19.24,19.02,13.21,9.39,12.69,35.36,16.94,40.85,8.33,8.57,9.92,5.75,3.05,9.75,8.72,5.82,26.79
MN36063,,MN,guyannensis,SERRAMESA,PRO,B,CER,NA,-48.30485,-13.83346,8.64,11.05,24.6,18.83,51.38,19.8,19.65,12.7,10.1,13.05,36.67,17.46,42.85,8.42,8.94,10.16,5.99,3.43,10.26,8.82,6.39,26.92
MN36064,,MN,guyannensis,SERRAMESA,PRO,B,CER,NA,-48.30485,-13.83346,8.06,10.74,24.53,19.18,50.45,19.43,20.15,12.69,9.51,12.87,35.72,17.61,40.88,8.63,9.04,10.23,4.81,2.68,9.65,8.93,6.05,25.86
MN36081,,MN,guyannensis,SERRAMESA,PRO,B,CER,NA,-48.30485,-13.83346,7.25,10.29,22.8,17.28,46.28,17.8,18.46,11.64,8.45,12.05,33.06,15.42,38.24,7.72,7.95,9.21,5.4,2.66,8.9,8.98,5,24.09
MN69017,,MN,guyannensis,TUCUNARE,PRO,C,NRB,M,-63.51361,0.16639,7.58,11.78,24.81,19.57,54.32,21.29,21.96,13.4,10.85,13.98,38.5,18.41,44.78,7.59,8.44,11.75,5.58,3.78,9.98,9.28,6.69,28.46
MN69018,,MN,guyannensis,TUCUNARE,PRO,C,NRB,M,-63.51361,0.16639,8.44,11.53,22.86,19.51,52.1,19.75,21.39,12.52,10.33,13.17,37.53,17.28,43.49,8.14,8.36,11,4.67,2.81,9.86,9.72,6.42,26.62
MN69025,,MN,guyannensis,TUCUNARE,PRO,C,NRB,F,-63.51361,0.16639,7.78,11.38,22.95,18.17,48.51,18.94,20.01,12.57,9.17,12.38,33.39,15.94,39.79,7.5,8.37,10.49,4.12,2.77,9.15,8.25,6.22,26.07
MN69031,,MN,guyannensis,LIMAO,PRO,C,NRB,M,-63.26194,0.16444,7.84,10.35,22.77,18.16,48.64,17.45,19.45,12.37,8.69,11.96,34.05,15.91,39.73,7.21,8.04,10.41,4.19,2.9,9.22,8.92,6.53,25.75
MN69044,,MN,guyannensis,LIMAO,PRO,C,NRB,M,-63.26194,0.16444,8.71,11.28,23.92,19.97,53.31,20.06,20.98,13.47,10.18,13.86,37.41,17.36,43.35,7.76,8.14,10.9,5.69,3.21,10.23,9.73,6.83,28.4
MN69046,,MN,guyannensis,LIMAO,PRO,C,NRB,M,-63.26194,0.16444,7.33,10.07,23.78,19.31,54.12,20.54,22.05,13.16,10.05,13.52,38.47,18.22,44.82,8.21,8.22,11.43,5.13,2.85,9.82,9.17,6.81,28.54
MN69059,,MN,guyannensis,LIMAO,PRO,C,NRB,M,-63.26194,0.16444,7.61,10.15,22.9,18.5,50.77,18.84,20.28,12.91,9.38,12.42,35.57,16.38,41.8,7.76,8.11,10.86,5.38,3,9.69,8.71,6.49,26.38
MN69135,,MN,guyannensis,JAPOMERI,PRO,C,NRB,M,-64.00778,0.3475,7.9,10.33,23.39,17.85,48.25,17.68,18.65,11.93,8.84,12.08,34.29,15.41,40.19,7.58,7.47,9.72,4.71,2.83,9.57,9.49,5.81,25.82
MN69136,,MN,guyannensis,JAPOMERI,PRO,C,NRB,M,-64.00778,0.3475,8.12,10.87,23.13,19.31,53.23,19.67,21.54,13.23,9.87,12.92,36.18,16.84,42.51,7.51,8.01,11.2,5.44,2.94,10.41,9.66,6.67,25.91
MN69138,,MN,guyannensis,JAPOMERI,PRO,C,NRB,F,-64.00778,0.3475,7.58,11.23,23.65,18.89,50.96,18.84,19.95,12.82,9.79,12.81,35.59,16.79,41.34,7.94,8.32,10.23,3.83,3.06,9.36,8.95,6.2,26.15
MN69144,,MN,guyannensis,JAPOMERI,PRO,C,NRB,F,-64.00778,0.3475,8.11,11.73,24.34,18.97,51.78,18.91,20.4,13.42,9.26,12.99,35.67,16.55,41.99,7.37,8.13,11.02,5.61,2.46,9.25,9.61,6.86,27.61
MN69163,,MN,guyannensis,JAUARI,PRO,C,NRB,M,-63.44567,0.74031,8.44,11.6,24.84,20.23,57.85,21.76,23.87,14.18,11.04,14.59,40.85,18.9,47.59,8.35,8.58,12.12,5.99,3.61,10.52,9.94,7.23,28.21
MN69164,,MN,guyannensis,JAUARI,PRO,C,NRB,M,-63.44567,0.74031,8.06,11.58,23.78,19.49,52.83,18.05,20.8,13.3,9.51,13.41,37.63,17.95,43.91,6.91,8.27,11.43,4.87,2.89,10.2,9.33,6.67,27.41
MN69165,,MN,guyannensis,JAUARI,PRO,C,NRB,F,-63.44567,0.74031,7.15,10.04,22.46,17.47,48.56,17.76,18.38,12.25,8.9,11.71,32.73,15.26,38.82,7.4,7.42,10.03,4.23,2.65,9.05,8.39,6.04,24.41
MN69166,,MN,guyannensis,JAUARI,PRO,C,NRB,M,-63.44567,0.74031,8.55,11.5,24.05,18.73,52.27,19.44,21.35,12.73,10.5,13.71,36.55,15.86,42.95,7.47,8.71,10.89,5.47,2.81,9.34,9.65,6.21,26.44
MN69171,,MN,guyannensis,JAUARI,PRO,C,NRB,F,-63.44567,0.74031,6.76,10.61,22.24,18.11,46.56,16.66,18.25,11.89,8.34,12.01,32.53,14.97,38.17,7.28,7.64,9.47,4.26,2.95,9.19,8.67,6.01,24.93
MN69172,,MN,guyannensis,JAUARI,PRO,C,NRB,F,-63.44567,0.74031,7.64,10.55,23.05,18.8,49.29,18.62,19.21,12.79,9.33,12.35,34.71,15.83,40.24,7.1,7.97,10.54,4.85,2.68,9.64,8.6,5.95,25.85
MN69182,,MN,guyannensis,JAUARI,PRO,C,NRB,F,-63.44567,0.74031,7.73,11.09,24.02,19.34,49.69,17.94,19.6,12.5,9.4,12.47,34.36,16.41,40.32,7.28,8.28,10.46,4.96,2.96,9,9.4,6.25,25.38
MN69187,,MN,guyannensis,JAUARI,PRO,C,NRB,F,-63.44567,0.74031,7.95,10.56,23.94,18.7,52.39,20.3,21.48,13,9.81,13.04,37.19,18.74,43.26,7.22,8.26,11.32,5.9,3.27,9.67,8.85,6.73,28.03
MN69188,,MN,guyannensis,JAUARI,PRO,C,NRB,F,-63.44567,0.74031,7.4,11.67,22.68,17.92,51.14,19.37,20.53,12.93,9.71,12.84,34.86,16.15,40.88,7.98,7.75,10.28,5.18,2.86,9.82,8.44,6.16,26.13
MN69189,,MN,guyannensis,JAUARI,PRO,C,NRB,F,-63.44567,0.74031,7.36,9.84,22.82,17.98,46.97,17.02,18.39,11.98,8.54,11.6,33.72,15.37,39.25,7.35,7.88,9.96,4.68,2.57,9.26,9.07,5.96,24.15
MN69194,,MN,guyannensis,JAUARI,PRO,C,NRB,F,-63.44567,0.74031,7.62,10.9,23.01,18.95,50.97,18.7,20.71,12.96,9.48,12.77,35.48,17.29,42.1,7.94,8.37,11.03,5.64,3.06,9.33,8.55,6.48,26.7
MN69242,,MN,guyannensis,JAPOMERI,PRO,C,NRB,F,-64.00778,0.3475,8.38,11.04,24.23,18.96,50.37,18.9,20.52,12.61,10.1,13.15,35.65,15.96,41.72,7.55,8.72,10.59,4.95,2.96,9.57,9.34,6.12,26.73
MN69244,,MN,guyannensis,JAPOMERI,PRO,C,NRB,F,-64.00778,0.3475,8.88,11.56,24.73,19.52,54.55,20.29,21.35,13.53,10.69,13.51,38.69,18.16,44.9,7.79,8.42,11.68,4.98,3.18,9.86,9.62,6.96,27.29
MN69263,,MN,guyannensis,JAPOMERI,PRO,C,NRB,F,-64.00778,0.3475,6.71,10.69,22.07,17.93,46.89,16.72,18.8,11.71,8.79,11.93,32.87,15.78,38.24,7.38,7.56,9.73,4.03,2.63,8.89,8.94,6.48,25.63
MN69264,,MN,guyannensis,JAPOMERI,PRO,C,NRB,F,-64.00778,0.3475,7.41,10.62,22.29,18.41,50.18,17.43,19.61,12.35,9.78,12.8,35.15,15.4,40.89,8,7.94,9.71,3.74,2.34,9.65,8.85,5.89,25.56
MN69344,,MN,guyannensis,JAPOMERI,PRO,C,NRB,F,-64.00778,0.3475,8.26,11.2,24.14,18.96,52.3,19.34,20.68,12.65,9.93,13.09,36.42,16.86,42.39,7.15,8.94,11.18,4.27,2.67,10.08,8.66,6.26,26.41
MN69347,,MN,guyannensis,JAPOMERI,PRO,C,NRB,M,-64.00778,0.3475,7.55,11.14,23.67,18.81,50.73,19.51,20.42,13.07,9.7,12.95,35.82,16.18,41.54,8.23,8.38,10.2,5.12,3.06,10.02,9.12,5.91,27.26
MN76211,MNLM2312,MN,guyannensis,SSEBASTIÃO,PRO,B,CER,F,-48.3,-5.28333,8.24,11.14,24.48,18.88,53.38,20.47,21.19,13.7,10.21,13.38,37.14,17.63,43.65,8.13,8.77,10.34,4.24,2.91,10.6,8.75,6.07,27.41
MN76215,,MN,guyannensis,SSEBASTIÃO,PRO,B,CER,F,-48.3,-5.28333,7.81,11.21,23.92,18.46,52.25,19.37,20.64,13.71,9.6,12.87,36.7,17.64,42.65,8.35,8.59,10.19,5.32,2.8,10.15,8.89,6.2,27.84
MN76741,,MN,guyannensis,LAJEADO,PRO,B,CER,M,-48.29032,-10.0782,7.53,10.66,24.04,19.59,49.22,18.86,19.02,12.83,9.51,12.95,35.05,16.99,40.96,8.38,8.34,9.88,4.41,3,10.17,9.54,5.82,26.02
MN76750,MNLM2337,MN,guyannensis,LAJEADO,PRO,B,CER,F,-48.29032,-10.0782,7.42,10.41,23.05,18.28,48.94,18.63,19.29,12.52,9.02,12.78,35.03,17.3,40.94,8.08,8.51,9.8,4.42,2.78,10.15,8.85,5.84,25
MN76754,MNLM2341,MN,guyannensis,LAJEADO,PRO,B,CER,F,-48.29032,-10.0782,7.88,10.72,23.02,18.61,48.46,17.97,18.8,13.03,9.01,12.15,34.13,16.67,40.63,8.35,8.26,9.86,4.85,2.55,9.75,9.74,6.14,24.81
MPEG20766,,MPEG,longicaudatus,CACHOEIRANAZARE,PRO,D,UMR,F,-61.93104,-10.84726,8.13,10.83,24.08,18.97,51.15,18.68,19.63,13.48,9.41,13.34,37.22,17.25,42.58,7.72,8.6,10.66,5.3,2.47,10.5,9.34,6.26,25.57
MPEG20767,BDP2122,MPEG,longicaudatus,CACHOEIRANAZARE,PRO,D,UMR,M,-61.93104,-10.84726,7.42,10.84,22.75,18.04,49.13,17.72,19.64,12.49,8.85,12.39,35.2,17.05,40.53,8.12,7.77,10.22,4.78,2.16,9.73,8.67,5.19,22.83
MPEG20769,BDP2177,MPEG,longicaudatus,CACHOEIRANAZARE,PRO,D,UMR,M,-61.93104,-10.84726,8.28,10.7,25.11,19.85,52.09,19.45,20.14,13.93,9.51,13.62,36.65,17.61,42.73,7.88,8.47,10.64,5.85,2.45,10.02,9.39,6.08,27.54
MPEG20770,,MPEG,longicaudatus,CACHOEIRANAZARE,PRO,D,UMR,M,-61.93104,-10.84726,8.37,11.48,24.23,19.44,48.85,18.27,18.72,12.53,9.3,13.33,34.05,16.62,39.62,7.82,8.03,9.88,5.1,2.23,9.66,8.52,5.87,24.65
MPEG20772,,MPEG,longicaudatus,CACHOEIRANAZARE,PRO,D,UMR,F,-61.93104,-10.84726,8.76,11.29,24.47,19.7,51.63,19.05,20.39,13.85,9.56,13.27,35.97,17.56,42.29,7.68,8.42,10.77,4.79,2.54,10.14,9.39,5.91,26.1
MPEG20775,,MPEG,longicaudatus,CACHOEIRANAZARE,PRO,D,UMR,M,-61.93104,-10.84726,8.09,11.41,26.44,19.54,53.79,20.41,21.51,13.94,10.47,14.21,38.33,19.18,44.34,8.19,8.75,11.15,4.88,2.41,10.3,9.86,6.46,27.01
MPEG20779,,MPEG,longicaudatus,CACHOEIRANAZARE,PRO,D,UMR,F,-61.93104,-10.84726,7.59,11.97,24.85,19.14,52.12,19.1,19.38,14.37,10,13.64,36.06,17.71,42.48,7.74,8.6,11.27,5.78,2.61,10.05,9.3,6.5,26.07
MPEG20787,,MPEG,longicaudatus,CACHOEIRANAZARE,PRO,D,UMR,M,-61.93104,-10.84726,8.95,11.35,26.24,21.13,55.35,21.66,22.11,14.62,10.43,13.84,40,19.48,45.44,8.01,8.81,12.06,6.66,2.96,11.12,9.64,7.08,27.62
MPEG20790,,MPEG,longicaudatus,CACHOEIRANAZARE,PRO,D,UMR,M,-61.93104,-10.84726,8.54,11.84,25.33,20.03,54.45,19.7,21.92,14.36,9.89,14.09,38.53,19.2,43.72,8.02,8.42,11.51,6.14,2.65,10.32,10.44,6.8,27.86
MPEG20791,,MPEG,longicaudatus,CACHOEIRANAZARE,PRO,D,UMR,F,-61.93104,-10.84726,8.13,11.26,24.78,20.01,52.92,20.59,20.68,14.14,9.99,14.4,37.22,18.41,42.99,7.96,8.83,10.52,5.43,2.38,9.72,9.19,6.04,27.55
MPEG20792,,MPEG,longicaudatus,CACHOEIRANAZARE,PRO,D,UMR,F,-61.93104,-10.84726,8.09,11.61,25.03,19.02,51.96,19.88,20.34,13.89,9.31,13.33,37.29,18.29,43.39,8.33,8.45,10.92,5.38,2.62,10.06,9.21,6.58,27.44
MPEG20794,,MPEG,longicaudatus,CACHOEIRANAZARE,PRO,D,UMR,F,-61.93104,-10.84726,8.5,12.65,24.07,18.54,48.71,17.2,18.82,13.18,9.59,13.39,33.97,16.03,40.52,8.37,9.52,9.75,4.37,2.31,9.6,9.08,6.09,25.78
MPEG20796,,MPEG,longicaudatus,CACHOEIRANAZARE,PRO,D,UMR,M,-61.93104,-10.84726,7.36,10.59,23.82,19.58,46.5,17.57,17.71,12.2,8.65,12.67,33.06,15.53,38.35,7.74,8.11,9.22,4.64,2.38,9.44,9.32,5.16,25.92
MPEG20797,,MPEG,longicaudatus,CACHOEIRANAZARE,PRO,D,UMR,F,-61.93104,-10.84726,8.31,11.89,25.29,20.9,54.26,20.49,21.52,14.64,9.86,14.39,38.44,17.83,44.41,7.9,8.97,11.13,5.14,3.02,10.45,9.91,6.9,28.02
MPEG20798,,MPEG,longicaudatus,CACHOEIRANAZARE,PRO,D,UMR,F,-61.93104,-10.84726,8.05,11.01,24.88,19.07,53.78,20.5,21.68,13.91,9.61,13.24,38.09,18.94,43.96,7.14,8.83,11.26,6.21,2.95,10,8.9,8.33,29.05
MPEG21339,,MPEG,longicaudatus,CACHOEIRANAZARE,PRO,D,UMR,NA,-61.93104,-10.84726,8.11,11.31,25.52,18.92,52.84,19.36,21.23,14.06,10.1,14.22,37.43,16.95,43.06,8.03,8.93,10.95,5.49,2.58,10.05,9.29,6.43,26.55
MPEG21983,,MPEG,guyannensis,CARU,PRO,B,CER,M,-46.33483,-3.70759,7.93,10.75,23.41,18.22,47.4,18.29,18.08,12.7,9.04,12.68,32.09,15.53,38.39,7.56,7.43,8.88,4.68,2.94,9.89,8.54,5.13,24.04
MPEG25502,,MPEG,gardneri,UPPERCENTRAL_LEF,PRO,A,GJR,M,-70.85003,-6.75,7.54,10.85,22.92,18.23,50.57,18.58,18.91,12.75,9.34,12.37,35.3,16.49,41.21,6.63,7.46,11.03,4.06,2.09,9.78,8.39,5.96,25.22
MPEG25504,,MPEG,gardneri,UPPERCENTRAL_LEF,PRO,A,GJR,F,-70.85003,-6.75,6.91,10.38,22.38,17.78,45.69,16.74,17.84,12,8.75,12,31.29,14.75,36.68,7.07,7.31,9.17,3.88,2.33,9.36,8.26,5.32,23.2
MPEG25505,MVZ194567,MPEG,gardneri,UPPERCENTRAL_LEF,PRO,A,GJR,M,-70.85003,-6.75,6.34,10.6,21.4,17.06,44.68,15.77,16.91,11.54,8.23,11.12,30.99,14.11,36.44,6.89,7.58,8.68,3.85,1.83,9,8.47,5.37,22
MPEG25506,,MPEG,gardneri,UPPERCENTRAL_LEF,PRO,A,GJR,F,-70.85003,-6.75,7.31,9.14,20.12,17.15,44.14,16.56,17.1,11.91,8.26,11.13,30.89,14.8,35.83,7,7.09,9.03,4.06,1.98,9.44,7.74,5.34,23.69
MPEG25507,,MPEG,gardneri,HEADWATERS_RIG,PRO,A,ATH,F,-72.78304,-8.66663,6.71,8.9,22.01,16.9,44.26,15.79,16.97,11.15,8.22,11.64,30.26,14.05,36.11,7.15,7.49,8.51,3.39,2.45,9.18,7.54,4.61,22.09
MPEG25508,,MPEG,gardneri,HEADWATERS_RIG,PRO,A,ATH,F,-72.78304,-8.66663,8.23,9.31,22.9,18.84,46.56,17.7,18.83,11.85,8.65,11.97,33.2,15.71,38.44,6.93,7.92,9.62,3.96,2.84,9.72,7.95,6.17,25.74
MPEG25509,MVZ194582,MPEG,gardneri,HEADWATERS_RIG,PRO,A,ATH,M,-72.78304,-8.66663,6.91,9.12,21.55,17.65,47.54,18.57,18.45,12.56,9.1,11.67,33.51,15.31,38.21,7.09,7.34,9.49,4.28,2.46,9.74,8.09,5.85,24.15
MPEG25511,,MPEG,gardneri,HEADWATERS_RIG,PRO,A,ATH,M,-72.78304,-8.66663,6.87,9.21,21.55,16.93,44.89,17.33,17.38,11.59,8.29,11.66,30.75,13.86,36.25,6.65,7.16,8.64,3.87,2,8.47,7.54,5.11,23.27
MPEG25512,MVZ194545,MPEG,gardneri,LOWERCENTRAL_RIG,PRO,A,JMI,F,-68.9002,-6.58334,8.05,10.63,22.38,17.84,47.2,17.57,18.03,12.4,9.65,12.46,34.18,15.87,39.25,7.34,7.8,10.21,3.98,2.45,9.3,8.57,5.79,23.96
MPEG25515,,MPEG,gardneri,LOWERCENTRAL_RIG,PRO,A,JMI,F,-68.9002,-6.58334,7.54,10.87,21.98,17.99,49.29,19.7,19.98,12.06,9.14,12.16,35.18,16.4,40.54,7.4,8.03,10.49,4.38,2.59,9.64,8.03,6.4,24.19
MPEG25516,,MPEG,gardneri,LOWERCENTRAL_RIG,PRO,A,JMI,F,-68.9002,-6.58334,7.46,10.01,22.93,18.46,49.2,18.08,19.25,12.45,9.37,12.63,35.19,16.38,40.53,8.05,8.23,10.15,3.92,2.37,9.66,8.93,5.98,25.54
MPEG28342,,MPEG,longicaudatus,HEADWATERS_RIG,PRO,D,SSM,NA,-72.81667,-8.36666,8.81,11.8,25.9,20.53,57.54,22.31,23.07,14.77,11.34,14.62,39.58,20.04,46.09,9.23,9.44,11.68,4.88,2.76,10.17,10.98,7.34,31.07
MPEG28343,,MPEG,longicaudatus,HEADWATERS_LEF,PRO,D,SSM,NA,-72.81662,-8.36666,8.01,10.22,23.87,18.84,50.78,17.79,18.82,13.46,9.44,12.8,35.79,17.62,41.99,8.44,8.79,10.3,4.68,2.53,9.68,8.95,6.21,27.91
MPEG28344,,MPEG,longicaudatus,HEADWATERS_LEF,PRO,D,SSM,NA,-72.81662,-8.36666,8.88,11.52,24.84,19.92,53.14,19.62,21.08,13.59,10.93,14.44,38.23,18.64,44.1,8.87,9.28,11.08,4.11,2.97,10.67,9.1,6.38,29.03
MPEG28346,,MPEG,longicaudatus,HEADWATERS_LEF,PRO,D,SSM,M,-72.85094,-8.60044,8.74,12.23,24.74,20.7,57.18,20.74,22.08,14.26,10.83,14.17,40.55,19.99,46.49,8.61,9.16,11.7,6.23,3.08,9.95,10.62,7.29,29.53
MPEG28347,,MPEG,longicaudatus,HEADWATERS_LEF,PRO,D,SSM,F,-72.8,-8.56644,9.11,12,25.84,21.16,53.25,19.43,20.1,14.03,10.16,13.97,37.88,19.21,44.13,8.76,9.4,10.84,5.66,2.97,10.7,9.56,6.69,29.07
MPEG28349,,MPEG,longicaudatus,HEADWATERS_LEF,PRO,D,SSM,M,-72.85094,-8.60044,9.06,11.68,24.93,20.1,53.23,20.51,21.37,13.42,10.5,13.79,39.24,19.23,44.63,7.89,8.99,11.53,4.5,2.86,10.01,9.85,6.96,27.77
MPEG28350,,MPEG,longicaudatus,HEADWATERS_RIG,PRO,D,SSM,F,-72.78304,-8.66663,8.3,11.09,23.36,19.44,51.92,19.12,19.65,13.47,10.22,13.46,36.65,18.1,42.68,8.52,9.21,10.48,4.75,2.53,10.3,9.08,6.4,26.31
MPEG28351,,MPEG,longicaudatus,HEADWATERS_RIG,PRO,D,SSM,M,-72.78304,-8.66663,8.7,11.31,25.63,21.09,56.28,21.14,21.66,14.81,10.55,14.78,39.96,19.49,46.6,7.91,9.58,12.11,5.55,2.96,11.12,8.98,7.53,28.23
MPEG28353,,MPEG,longicaudatus,HEADWATERS_RIG,PRO,D,SSM,F,-72.78304,-8.66663,9.06,11.66,24.96,20.11,52.15,18.97,20.23,13.45,9.8,14.03,37.52,18.45,43.44,8.23,9.59,10.79,5.91,2.72,10.36,9.08,6.58,28.16
MPEG28354,,MPEG,longicaudatus,HEADWATERS_LEF,PRO,D,SSM,F,-72.78304,-8.66663,9.34,12.08,26.06,20.35,57.02,22.85,22.9,14.42,11.65,15.52,40.86,20.25,47.65,8.46,10.09,12.37,6.23,2.9,10.83,9.23,7.91,30.89
MPEG28357,,MPEG,longicaudatus,HEADWATERS_RIG,PRO,D,SSM,NA,-72.81667,-8.36666,8.11,11.25,22.76,19.8,50.35,18.69,19.11,12.89,9.15,13.09,34.57,16.49,40.91,8.36,7.91,10.33,4.25,2.44,9.5,10,6.16,25.44
MPEG28358,,MPEG,longicaudatus,HEADWATERS_LEF,PRO,D,SSM,NA,-72.81662,-8.36666,7.9,10.04,24.18,19.93,50.35,18.11,18.94,13.46,9.89,13.26,37.2,18.18,42.99,8.61,9.12,10.98,5.43,2.69,10.19,9.12,6.43,27.02
MPEG28360,MVZ194463,MPEG,longicaudatus,HEADWATERS_RIG,PRO,D,SSM,NA,-72.81667,-8.36666,10.25,10.86,26.5,20.41,54.67,20.75,21.92,13.9,10.5,14.68,39.68,18.61,45.83,8.34,10.07,12.09,5.65,3.4,10.69,9.42,7.14,30.86
MPEG28361,,MPEG,longicaudatus,HEADWATERS_LEF,PRO,D,SSM,NA,-72.81662,-8.36666,8.82,12.55,26.4,21.73,57.5,19.66,21.62,14.98,11.25,15.66,41.75,20.16,48.58,8.5,9.52,12.2,5.6,2.81,11.46,9.69,6.83,32.27
MPEG28362,,MPEG,longicaudatus,HEADWATERS_LEF,PRO,D,SSM,NA,-72.81662,-8.36666,8.6,11.3,24.07,19.33,52.64,18.96,20.44,13.46,9.64,13.6,38.25,19.28,44.44,8.67,9.29,11.09,5.22,2.43,9.98,9.2,6.49,29.03
MPEG28363,,MPEG,longicaudatus,HEADWATERS_LEF,PRO,D,SSM,NA,-72.81662,-8.36666,8.7,11.55,23.74,19.49,50.62,18.09,19.82,13.34,10.03,13.39,37.14,18.2,42.67,8.34,8.93,10.74,4.76,2.65,10.03,9.17,6.08,27.17
MPEG28364,MVZ194492,MPEG,longicaudatus,LOWERCENTRAL_LEF,PRO,D,JUR,F,-68.76672,-6.46666,7.91,11.08,23.44,19.32,52.79,19.54,21.26,13.61,10.01,13.72,37.55,18.59,43.38,8.44,8.88,11.64,5.04,2.51,9.5,9.84,7.11,27.96
MPEG28368,,MPEG,longicaudatus,UPPERCENTRAL_RIG,PRO,D,JUR,M,-70.75008,-6.83344,9.11,12.73,24.51,19.2,53.02,18.47,20.12,15.27,10.45,13.99,37.12,18.87,44.09,8.4,9.29,11.05,4.7,3.05,10.54,9.75,7.02,27.67
MPEG28369,,MPEG,goeldii,UPPERCENTRAL_RIG,PRO,A,CLJ,M,-70.75008,-6.83344,9.81,12.93,27.57,21.93,61.3,22.67,24.34,15.34,11.8,16.19,43.52,21.65,50.15,8.03,9.66,14.09,6.92,3.32,11.45,10.57,8.77,31.3
MPEG28372,,MPEG,longicaudatus,UPPERCENTRAL_RIG,PRO,D,JUR,F,-70.75008,-6.83344,9.5,12.11,26.14,20.21,54.69,19.48,20.91,14.5,10.26,14.46,38.55,18.81,44.66,8.79,9.81,11.64,5.91,2.64,10.14,10.18,7.04,28.69
MPEG28373,,MPEG,longicaudatus,UPPERCENTRAL_RIG,PRO,D,JUR,F,-70.75008,-6.83344,9.36,12.43,27.02,21.03,54.37,21.6,21.15,14.04,10.18,14.38,37.97,19.06,44.47,8.04,9.71,11.91,5.49,2.78,10.71,10.09,7.37,28.58
MPEG28374,,MPEG,longicaudatus,UPPERCENTRAL_RIG,PRO,D,JUR,NA,-70.75008,-6.83344,9.48,12.53,25.64,20.59,53.08,18.49,19.58,14.04,10.12,14.05,37.72,18.65,43.49,8.41,9.04,11.26,5.08,2.88,9.66,9.9,6.72,27.02
MPEG28377,MVZ194491,MPEG,longicaudatus,UPPERCENTRAL_LEF,PRO,D,JUR,F,-70.85003,-6.75,9.19,12.29,26.5,20.41,53.84,21.52,21.29,14.59,10.08,14.74,38.29,18.87,44.41,8.4,9.68,11.42,6.59,2.95,9.91,9.23,7.2,29.76
MPEG28397,,MPEG,simonsi,LOWERCENTRAL_LEF,PRO,E,WAM,F,-68.76672,-6.46666,9.15,11.74,24.66,19.22,53.47,20.53,21.67,13.31,10.22,13.91,36.33,16.73,42.75,8.33,9.33,11.02,4.58,2.48,9.45,9.01,6.73,28.21
MPEG28398,MVZ194703,MPEG,simonsi,LOWERCENTRAL_RIG,PRO,E,WAM,NA,-68.89219,-6.58282,8.78,11.53,23.86,18.98,50.69,17.59,19.46,13.44,9.77,13.49,34.44,14.79,41.20,7.84,8.34,9.96,4.25,2.89,9.61,8.76,5.75,25.53
MPEG28400,,MPEG,simonsi,HEADWATERS_LEF,PRO,E,WAM,M,-72.81662,-8.36666,8.71,11.39,25.73,21.36,58.03,22.88,23.84,14.99,11.20,14.74,39.60,18.67,46.45,7.49,8.49,12.32,4.92,2.73,10.36,9.23,7.39,28.50
MPEG28408,,MPEG,simonsi,HEADWATERS_LEF,PRO,E,WAM,M,-72.81662,-8.36666,8.67,11.84,25.42,20.12,52.00,19.13,20.08,13.84,9.93,13.43,36.42,15.92,42.26,8.00,9.02,10.38,3.75,2.22,10.21,9.39,6.42,27.59
MPEG28409,MVZ194602,MPEG,simonsi,HEADWATERS_LEF,PRO,E,WAM,M,-72.81662,-8.36666,8.84,10.82,25.30,20.13,56.19,21.54,22.23,14.94,10.80,14.08,38.46,16.57,45.06,8.01,9.10,11.19,5.00,2.32,10.34,9.74,6.43,27.73
MPEG28414,,MPEG,simonsi,JURUA_RIG,PRO,E,WAM,NA,-66.01666,-3.31666,9.83,12.21,26.43,20.26,59.00,23.08,24.08,15.11,11.29,15.11,40.64,19.42,47.23,7.93,9.48,12.62,3.53,2.57,10.40,10.01,6.99,29.25
MPEG28416,,MPEG,simonsi,JURUA_RIG,PRO,E,WAM,F,-66.01666,-3.31666,8.82,11.73,24.99,19.32,57.21,22.79,23.26,14.81,11.37,14.93,39.02,17.82,45.47,7.80,9.03,11.63,4.62,3.08,10.54,9.14,7.14,28.75
MPEG28417,MVZ194711,MPEG,simonsi,JURUA_RIG,PRO,E,WAM,F,-66.01666,-3.31666,10.09,12.61,26.27,20.83,58.75,22.50,23.83,15.51,11.83,15.47,41.62,19.41,48.32,8.25,9.90,12.78,5.46,3.16,10.11,9.60,7.57,30.84
MPEG28419,,MPEG,simonsi,JURUA_RIG,PRO,E,WAM,M,-66.01666,-3.31666,9.21,12.35,27.36,21.73,61.25,23.87,24.79,15.67,11.97,15.67,42.86,20.40,49.59,8.56,10.19,12.87,4.21,2.93,10.63,9.50,7.69,32.27
MPEG28424,,MPEG,simonsi,UPPERCENTRAL_LEF,PRO,E,WAM,M,-70.85003,-6.75000,9.52,11.85,26.18,20.38,55.73,20.56,23.21,13.62,10.38,14.09,39.33,17.66,45.71,8.15,10.05,11.43,4.60,2.22,9.88,9.48,6.62,28.30
MPEG28427,MVZ194775,MPEG,simonsi,LOWERCENTRAL_LEF,PRO,E,WAM,M,-68.76672,-6.46666,8.98,11.09,23.80,18.96,51.52,18.86,19.97,13.87,10.22,13.43,35.31,15.81,40.90,7.81,8.40,10.31,4.62,2.62,9.04,9.73,6.29,26.36
MPEG28429,,MPEG,simonsi,LOWERCENTRAL_RIG,PRO,E,WAM,F,-68.89219,-6.58282,7.32,10.26,22.79,19.51,49.08,18.58,19.35,13.01,9.38,12.36,34.77,16.11,40.07,7.42,8.08,10.46,4.45,2.63,9.21,9.09,5.65,24.73
MPEG28430,,MPEG,simonsi,LOWERCENTRAL_RIG,PRO,E,WAM,F,-68.89219,-6.58282,8.92,11.09,25.65,21.01,56.67,21.88,22.84,14.46,11.10,15.12,40.14,18.33,46.08,7.80,10.02,11.81,5.56,3.02,10.70,9.59,6.47,29.54
MPEG28432,,MPEG,simonsi,LOWERCENTRAL_RIG,PRO,E,WAM,NA,-68.89219,-6.58282,8.16,11.56,24.21,19.26,51.74,19.38,19.68,13.99,10.19,13.31,36.64,15.93,41.81,7.68,8.73,10.55,3.32,2.26,9.47,9.21,6.67,27.04
MPEG28433,,MPEG,simonsi,HEADWATERS_RIG,PRO,E,WAM,F,-72.78304,-8.66663,8.17,10.95,24.45,18.54,52.52,20.78,21.24,13.53,9.78,13.53,35.52,15.74,42.21,7.89,8.64,10.16,4.17,2.47,10.11,8.95,6.00,25.75
MPEG28437,,MPEG,simonsi,HEADWATERS_RIG,PRO,E,WAM,NA,-72.78304,-8.66663,9.38,11.15,24.36,19.59,55.81,21.44,22.66,13.80,11.14,14.35,38.82,18.18,45.67,7.92,9.33,11.93,5.02,2.95,10.29,9.79,7.18,27.85
MPEG28438,,MPEG,simonsi,HEADWATERS_RIG,PRO,E,WAM,M,-72.78304,-8.66663,9.26,11.09,24.99,20.59,55.16,21.87,22.56,14.01,10.68,13.94,37.61,16.24,43.99,7.59,8.49,11.27,5.04,2.79,10.11,9.70,6.54,28.03
MPEG28443,,MPEG,simonsi,HEADWATERS_RIG,PRO,E,WAM,F,-72.78304,-8.66663,8.73,10.80,24.86,19.06,54.83,20.08,21.62,14.20,10.29,13.62,37.50,17.54,43.74,7.59,8.99,11.53,4.42,2.69,10.27,9.52,6.52,27.74
MPEG28444,,MPEG,simonsi,HEADWATERS_RIG,PRO,E,WAM,NA,-72.78304,-8.66663,8.32,10.68,23.81,18.71,53.90,19.79,21.62,13.22,9.98,13.56,36.41,16.07,42.63,7.90,9.12,10.67,4.23,2.62,10.15,9.47,6.26,27.26
MPEG28447,MVZ194635,MPEG,simonsi,HEADWATERS_RIG,PRO,E,WAM,F,-72.78304,-8.66663,8.86,10.86,25.55,19.44,53.16,20.46,20.45,13.89,10.21,14.02,36.57,17.48,42.89,8.29,9.23,10.76,4.72,2.34,9.56,9.16,6.22,26.55
MPEG28448,,MPEG,simonsi,HEADWATERS_RIG,PRO,E,WAM,NA,-72.78304,-8.66663,8.40,11.29,24.99,19.28,51.08,18.85,19.61,13.37,10.37,13.98,35.02,16.04,41.28,7.80,9.15,10.35,3.95,2.18,9.63,9.34,5.56,25.94
MPEG28449,,MPEG,simonsi,HEADWATERS_LEF,PRO,E,WAM,M,-72.78304,-8.66663,8.57,11.14,25.04,20.08,55.10,21.23,21.87,14.27,10.11,13.80,38.22,17.27,43.79,8.18,8.61,11.03,4.96,2.72,10.14,9.79,6.15,27.25
MPEG28451,,MPEG,simonsi,HEADWATERS_RIG,PRO,E,WAM,NA,-72.78304,-8.66663,9.06,10.72,25.64,20.12,56.12,21.80,22.42,14.58,11.23,14.44,39.26,17.55,45.51,8.01,8.88,11.42,4.47,3.06,10.58,9.33,6.79,28.22
MPEG28452,,MPEG,simonsi,HEADWATERS_LEF,PRO,E,WAM,M,-72.78304,-8.66663,9.10,11.33,24.85,19.53,54.86,20.59,21.76,14.41,10.41,13.29,37.66,16.37,44.06,7.82,8.59,10.91,4.19,2.33,9.81,9.44,6.67,28.22
MPEG28453,,MPEG,simonsi,HEADWATERS_RIG,PRO,E,WAM,M,-72.78304,-8.66663,8.54,11.07,23.03,18.29,50.97,18.98,19.74,13.74,9.52,13.31,35.65,16.30,41.27,7.88,7.96,10.43,4.80,2.58,9.35,8.64,5.75,25.77
MPEG28455,,MPEG,simonsi,HEADWATERS_RIG,PRO,E,WAM,NA,-72.78304,-8.66663,9.76,11.41,25.45,20.47,55.62,22.57,23.01,13.67,11.15,14.87,37.92,17.56,44.53,8.21,9.95,11.25,4.82,2.75,10.20,9.44,6.64,29.61
MPEG28456,,MPEG,simonsi,HEADWATERS_RIG,PRO,E,WAM,M,-72.78304,-8.66663,8.90,11.22,26.61,21.02,58.91,23.88,24.06,14.65,11.58,15.13,40.48,19.11,47.27,7.94,9.97,12.68,5.04,3.02,10.58,9.79,7.33,29.02
MPEG28459,,MPEG,simonsi,HEADWATERS_LEF,PRO,E,WAM,F,-72.81662,-8.36666,8.45,9.71,24.21,18.71,51.33,19.44,19.79,13.37,9.85,13.43,35.40,16.47,41.88,7.99,8.28,10.51,4.75,2.78,9.97,9.09,5.95,27.08
MPEG28460,,MPEG,longicaudatus,HEADWATERS_LEF,PRO,D,SSM,F,-72.81662,-8.36666,8.18,10.52,25.19,19.45,50.73,18.37,19.83,13.28,9.46,13.36,36.57,17.87,42.63,8.45,9.08,10.22,5.42,2.58,10.15,8.96,6.46,26.53
MPEG28486,MVZ194909,MPEG,goeldii,UPPERCENTRAL_LEF,PRO,A,CLJ,F,-70.73359,-6.80001,8.21,12.45,25.71,21.06,58.14,23.06,23.67,14.6,11.31,14.61,41.09,20.24,47.76,8.28,8.68,12.85,5.29,2.93,10.63,10.5,7.89,30.6
MPEG28491,MVZ194914,MPEG,goeldii,UPPERCENTRAL_LEF,PRO,A,CLJ,M,-70.73359,-6.80001,9.61,13.77,28.42,21.98,63.3,25.88,26.04,15.68,12.13,16.8,42.72,21.22,50.92,8.93,9.57,13.17,5.41,2.56,10.73,10.66,7.9,33.34
MPEG28492,,MPEG,goeldii,UPPERCENTRAL_LEF,PRO,A,CLJ,M,-70.73359,-6.80001,9.26,12.16,28.29,21.92,59.68,23.93,23.98,16.38,11.84,16.52,42.44,20.38,49.53,8.81,9.92,13.16,6.11,2.77,10.86,10.07,8.13,31.55
MPEG28493,,MPEG,goeldii,UPPERCENTRAL_LEF,PRO,A,CLJ,F,-70.73359,-6.80001,8.44,12.39,25.91,20.46,59.84,24.39,24.92,15.76,11.5,15.29,42.58,20.95,48.99,8.9,9.52,12.8,6.01,2.87,10.06,9.58,7.51,32.04
MPEG28529,,MPEG,goeldii,UPPERCENTRAL_RIG,PRO,A,CLJ,F,-70.75008,-6.83344,8.48,11.1,24.39,19.78,54.27,20.92,21.66,14.76,9.96,13.78,37.59,19.03,44.39,8.44,8.46,11.7,5.37,2.2,10.15,9.83,6.82,30.08
MPEG28531,,MPEG,goeldii,UPPERCENTRAL_LEF,PRO,A,CLJ,M,-70.73359,-6.80001,9.34,13.23,26.26,22.05,61.32,25,25.04,15.53,11.86,16.55,41.76,20.24,49.78,8.25,9.87,13.05,5.52,2.96,10.05,9.91,8.39,31.11
MPEG28532,,MPEG,goeldii,UPPERCENTRAL_LEF,PRO,A,CLJ,M,-70.73359,-6.80001,9.84,12.93,27.61,21.19,59.98,24.25,24.41,15.31,12.02,15.89,42.66,20.98,49.87,8.69,9.73,12.59,5.8,2.7,10.47,10.63,7.91,31.26
MPEG28533,,MPEG,goeldii,UPPERCENTRAL_LEF,PRO,A,CLJ,M,-70.73359,-6.80001,9.88,14.45,28.69,22.66,61.86,24.35,24.53,15.52,12.1,17.16,42.83,20.42,50.66,8.79,9.97,12.65,4.82,3.04,11.15,10.74,7.42,31.82
MPEG28534,,MPEG,goeldii,UPPERCENTRAL_LEF,PRO,A,CLJ,M,-70.73359,-6.80001,10.35,13.04,28.57,22.79,66.96,27.59,27.4,15.66,12.29,16.85,45.87,23.62,53.86,8.83,9.82,14.35,6.35,2.69,10.7,11.01,8.96,34.19
MPEG28535,,MPEG,goeldii,UPPERCENTRAL_LEF,PRO,A,CLJ,M,-70.73359,-6.80001,9.13,12.28,27.91,21.67,63.62,24.97,25.49,16.18,12.03,16.18,44.23,21.76,51.85,8.93,9.63,12.92,5.38,2.65,10.92,10.56,7.66,32.94
MPEG28537,,MPEG,goeldii,UPPERCENTRAL_LEF,PRO,A,CLJ,M,-70.73359,-6.80001,8.79,13.5,27.59,21.76,61.02,23.98,23.83,16.19,12.13,16.03,43.93,21.52,51.2,8.41,9.63,13.49,5.43,2.49,10.94,10.71,8.43,32.21
MPEG28540,MVZ194987,MPEG,goeldii,UPPERCENTRAL_RIG,PRO,A,CLJ,F,-70.75008,-6.83344,9.04,12.33,26.59,21.4,58.62,23.23,23.57,15.56,11.36,15.33,40.75,20.9,47.7,8.61,9.65,12.44,5.53,2.98,10.17,10.36,7.5,29.34
MPEG28543,MVZ194997,MPEG,goeldii,UPPERCENTRAL_RIG,PRO,A,CLJ,F,-70.85003,-6.75,8.39,12.74,28.06,22.23,61.2,25.31,25.17,15.29,11.29,15.83,42.52,20.47,49.7,8.56,9.64,13.14,6.1,3.11,10.68,9.82,7.81,32.79
MPEG28546,,MPEG,goeldii,UPPERCENTRAL_RIG,PRO,A,CLJ,F,-70.85003,-6.75,9.92,13.29,28.24,22.48,61.69,23.51,24.01,16.04,11.31,16.37,43.58,22.4,50.75,8.3,10.2,14.04,6.09,3.17,11.38,10.51,8.7,33.96
MPEG28558,,MPEG,goeldii,UPPERCENTRAL_RIG,PRO,A,CLJ,F,-70.85003,-6.75,8.46,12.53,26.82,22.29,59.6,23.57,23.38,15.4,11.04,15.13,41.57,20.97,48.8,8.76,9.19,12.47,5.54,2.65,10.45,10.39,7.89,31.74
MPEG28559,,MPEG,goeldii,LOWERCENTRAL_RIG,PRO,A,CLJ,F,-68.76667,-6.46669,10.36,13.45,29.54,22.79,64.65,27.12,26.93,16.23,12.44,17.41,46.2,22.67,52.99,8.43,10.88,14.79,5.85,2.81,11.94,10.42,9.23,34.83
MPEG28562,MVZ195034,MPEG,goeldii,LOWERCENTRAL_RIG,PRO,A,CLJ,M,-68.76667,-6.46669,10.56,13.7,30.19,22.13,64.44,25.33,25.61,16.4,12.19,17.38,45.94,22.05,53.78,8.18,10.78,13.11,6.65,3.11,10.66,10.17,8.38,35.87
MPEG28564,MVZ195036,MPEG,goeldii,LOWERCENTRAL_RIG,PRO,A,CLJ,M,-68.76667,-6.46669,9.51,12.47,26.97,20.66,54.73,21.81,21.11,14.48,11.14,14.88,38.43,18.55,44.94,9.04,8.9,10.87,5.53,3.2,10.04,9.92,6.92,28.58
MPEG28567,,MPEG,goeldii,LOWERCENTRAL_RIG,PRO,A,CLJ,F,-68.91651,-6.53356,9.88,13.68,27.75,21.43,59.1,22.74,23.51,15.48,11.47,15.96,40.58,19.81,48.53,9.11,9.85,12.19,5.77,2.85,11.58,9.71,7.66,31.84
MPEG28569,,MPEG,goeldii,HEADWATERS_LEF,PRO,A,UJR,F,-72.85094,-8.60044,8.22,11.24,25.83,20.87,55.52,20.51,21.13,14.87,10.29,14.75,39.11,19.16,45.76,8.95,9.29,11.78,5.97,2.93,10.43,10.36,6.91,29.05
MPEG28570,,MPEG,goeldii,HEADWATERS_LEF,PRO,A,UJR,F,-72.85094,-8.60044,8.9,12.42,28.47,22.36,60.17,24.37,23.37,15.69,11.41,16.22,42.33,21.46,48.66,8.93,10.03,12.88,5.92,2.8,10.36,10.1,7.9,32.42
MPEG28571,,MPEG,goeldii,HEADWATERS_LEF,PRO,A,UJR,F,-72.81662,-8.36666,9.67,12.29,25.13,20.3,56.31,21.11,22.73,14.53,11.04,14.93,39.46,18.84,46.54,9.2,9.01,12.03,7.09,2.79,10.62,9.64,7.16,29.74
MPEG28572,MVZ194874,MPEG,goeldii,HEADWATERS_LEF,PRO,A,UJR,F,-72.81662,-8.36666,9.51,12.94,26.8,21.7,62.62,25.47,25.84,15.61,11.55,16.26,43.11,21.61,50.94,8.77,9.52,12.96,6.5,2.96,11.06,10.2,8.5,32.87
MPEG28573,,MPEG,goeldii,HEADWATERS_RIG,PRO,A,UJR,F,-72.81667,-8.36666,9.53,11.92,25.78,20.74,55.92,20.61,21.56,14.85,10.38,14.41,39.47,19.43,46.13,8.81,9.37,11.72,5.41,2.74,10.13,10.24,6.9,30.46
MPEG28574,,MPEG,goeldii,HEADWATERS_RIG,PRO,A,UJR,F,-72.81667,-8.36666,8.78,11.99,26.58,20.65,55.11,20.21,21.21,14.5,10.13,14.76,38.73,18.86,45.92,8.71,9.48,11.22,6.18,2.5,10.88,9.63,6.7,30.54
MPEG28575,MVZ194879,MPEG,goeldii,HEADWATERS_RIG,PRO,A,UJR,F,-72.81667,-8.36666,8.56,11.66,26.99,21.12,55.84,21.47,22.29,14.41,10.77,15.22,38.53,18.98,45.32,8.89,9.09,11.61,5.55,2.73,10.24,9.8,6.85,29
MPEG28576,,MPEG,goeldii,HEADWATERS_LEF,PRO,A,UJR,F,-72.81662,-8.36666,8.67,12.39,25.46,20.07,52.63,20.12,20.31,13.88,10.4,14.64,38.29,18.96,44.02,8.89,8.86,11.16,5.09,2.61,10.91,9.8,7.04,29.71
MPEG33879,,MPEG,goeldii,ECFPENNA,PRO,A,EAM,NA,-51.45549,-1.7374,9.33,13.57,27.01,21.72,59.44,23.26,23.84,15.27,12.07,16.39,43.11,22.12,49.27,8.06,9.61,13.35,5.45,3.35,10.71,9.63,7.51,29.12
MPEG33880,,MPEG,guyannensis,ECFPENNA,PRO,B,XAI,F,-51.45549,-1.7374,7.47,11.74,25.1,20.79,56.62,21.24,22.73,14.8,11.03,15.34,39.45,20.18,45.19,8.42,9,11.87,5.01,2.6,10.49,9.11,7.03,29.46
MPEG33881,,MPEG,goeldii,ECFPENNA,PRO,A,EAM,M,-51.45549,-1.7374,7.76,12.01,24.26,19.16,54.67,20.5,21.23,14.01,10.38,14.68,37.57,18.09,43.57,8.35,8.78,11.07,4.7,2.51,10,9.13,6.98,28.78
MPEG33882,,MPEG,guyannensis,ECFPENNA,PRO,B,XAI,NA,-51.45549,-1.7374,7.72,11.34,24.12,18.46,54.15,20.22,21.01,13.83,10.37,14.37,38.16,18.66,44.35,8.36,8.46,11.19,5.3,2.6,9.27,9.17,6.82,27.73
MPEG33997,,MPEG,guyannensis,ECFPENNA,PRO,B,XAI,NA,-51.45549,-1.7374,9.37,12.32,25.19,19.51,58.67,21.97,23.16,14.96,10.65,14.77,40.77,19.8,47.6,7.56,8.31,12.49,6.11,3.44,10.45,9.08,7.19,30.01
MPEG42408,,MPEG,longicaudatus,TROMBETAS,PRO,D,NAR,F,-56.36422,-1.79591,9.21,12.25,27.72,20.89,59.6,22.88,23.79,14.59,11.38,15.14,41.57,20.6,48.39,8.67,9.55,12.56,5.84,3.05,10.42,10.02,7.84,31.99
MPEG42431,,MPEG,longicaudatus,TROMBETAS,PRO,D,NAR,NA,-56.36422,-1.79591,9.23,12.48,27.5,20.81,59.16,22.76,23.8,15.21,11.33,15.82,42.18,20.95,48.7,8.56,9.68,12.88,5.94,3.26,10.33,10.07,7.64,31.76
MUSM11258,,AMNH,longicaudatus,GALVEZ,PRO,D,SSM,M,-73.16208,-5.2495,7.95,11.01,25.75,19.68,53.12,21.9,20.81,13.62,10.48,14.11,38.51,18.29,44.3,8.63,9.79,11.03,5.6,3.04,10.11,9.51,6.02,28.72
MUSM11262,,AMNH,longicaudatus,GALVEZ,PRO,D,SSM,M,-73.16208,-5.2495,7.9,11.37,23.74,19.73,50.07,18.15,19.19,13.7,9.76,13.68,35.35,16.81,41.41,8.58,9.12,9.66,4.32,2.22,10.56,9.26,6.45,27.85
MUSM11283,,AMNH,simonsi,GALVEZ,PRO,E,WAM,F,-73.16208,-5.24950,8.53,11.35,25.6,20.26,53.24,21.08,21.74,13.63,10.58,14.35,36.48,16.79,42.68,7.7,9.53,10.72,4.1,2.31,9.71,9.1,6.7,27.14
MUSM11297,,AMNH,longicaudatus,GALVEZ,PRO,D,SSM,M,-73.16208,-5.2495,8.59,13.05,25.46,21.18,57.87,21.21,21.77,14.76,11.32,16.04,40.37,19.62,46.25,8.46,9.9,11.74,6.15,2.71,10.73,9.51,6.72,30.59
MUSM11299,,AMNH,simonsi,GALVEZ,PRO,E,WAM,F,-73.16208,-5.24950,9.31,10.95,26.35,20.23,54.29,20.92,21.44,14.66,10.93,14.11,38.65,17.88,44.01,8.36,10.55,11.5,4.63,2.63,9.18,9.31,6.68,27.91
MUSM11300,,AMNH,gardneri,GALVEZ,PRO,A,GJR,M,-73.16208,-5.2495,7.35,9.65,22.04,17.86,47.87,17.59,18.44,12.74,8.94,12.18,33.96,16.27,38.46,7.25,7.59,9.68,4.88,2.36,9.36,8.15,5.58,24.43
MUSM11314,,AMNH,simonsi,GALVEZ,PRO,E,WAM,M,-73.16208,-5.24950,8.13,11.35,25.52,19.88,54.41,20.18,21.44,14.27,10.4,14,37.42,17.13,43.7,8.57,9.3,10.9,4.56,2.78,9.06,9.79,6.83,28.23
MUSM13342,,AMNH,simonsi,GALVEZ,PRO,E,WAM,F,-73.16208,-5.24950,8.12,11.18,25.11,18.43,52.77,19.95,20.87,13.95,10.47,14.17,36.5,16.15,42.98,7.69,9.19,10.82,4.66,2.33,10.16,9.56,6.24,26.78
MUSM13343,,AMNH,simonsi,GALVEZ,PRO,E,WAM,F,-73.16208,-5.24950,8.08,11.04,24.6,18.25,51.68,20.19,20.67,13.54,9.67,13.39,35.68,16.69,41.95,8.56,8.74,10.17,4.19,2.81,9.85,9.52,6.11,27.29
MUSM13344,,AMNH,simonsi,GALVEZ,PRO,E,WAM,M,-73.16208,-5.24950,8.69,11.59,25.22,20.81,57.27,23.16,23.89,13.86,11.63,14.81,39.58,17.55,46.27,8.52,9.62,11.76,4.89,2.82,10.54,10.15,6.83,28.93
MVZ153616,,MVZ,longicaudatus,CENEPA,PRO,D,NSM,M,-78.1572,-4.45772,8.73,11.95,28.63,21.51,59.66,23.67,23.65,15.36,12.15,16.18,42.42,21.55,49.09,9.59,10.4,12.87,5.68,3,11,10.32,8.43,32.29
MVZ155034,,MVZ,longicaudatus,CENEPA,PRO,D,NSM,M,-78.16854,-4.45236,8.21,11.32,27.18,20.8,59.8,23,23.72,15.02,10.6,15.35,43.16,20.85,49,9.27,9.95,13.07,6.09,3.15,10.38,10.78,7.97,30.49
MVZ155036,,MVZ,longicaudatus,CENEPA,PRO,D,NSM,M,-78.16123,-4.45563,8.48,11.73,27.15,20.75,55.97,21.75,22.37,13.8,10.96,14.88,39.23,19.07,45.47,9.29,9.44,11.73,5.47,2.94,10.21,9.98,7.08,29.5
MVZ157855,,MVZ,longicaudatus,SANDOVAL,PRO,D,SPB,M,-69068,-12.63333,8.65,10.91,24.71,20.36,50.63,18.22,19.19,13.5,10.17,13.61,36.48,17.57,42.17,9.15,8.86,10.22,6.31,2.76,10.33,9.52,6.02,27.19
MVZ157934,,MVZ,longicaudatus,LAPOZA,PRO,D,NSM,M,-77751,-4022,9.32,11.63,25.91,21.36,57.25,20.72,22.94,14.44,11.52,15.62,41.26,21.75,46.77,9.18,10.08,12.84,6.05,3.33,10.04,10.11,7.67,30.45
MVZ157948,,MVZ,longicaudatus,LAPOZA,PRO,D,NSM,M,-77751,-4022,8.72,11.82,26.92,21.03,60.01,22.42,23.55,15.18,11.57,15.51,43.51,21.11,49.4,8.84,9.64,12.8,6.44,2.81,10.23,10.03,7.57,31.72
MVZ157966,,MVZ,longicaudatus,LAPOZA,PRO,D,NSM,M,-77751,-4022,7.91,11.63,27.5,20.91,60.36,22.82,23.18,15.77,11.28,15.72,42.84,21.28,49.51,8.75,9.43,13.09,5.59,2.78,10.87,10.81,7.81,32.56
MVZ160093,,MVZ,longicaudatus,CUYUNI,PRO,D,NAR,M,-61.43333,6.15,9.21,12.72,24.9,21.01,57.16,21.12,23,13.08,11.07,14.67,39.1,19.22,46.37,8.73,8.77,11.78,5.83,2.66,9.87,10.54,7.13,29.65
MVZ166814,,MVZ,simonsi,AGUASCALIENTES,PRO,E,WAM,F,-71.26166,-12.68001,8.3,10.36,24.08,18.29,50.88,20.04,19.92,12.92,9.73,13.28,35.52,16.47,41.56,7.66,8.52,10.62,3.93,2.4,9.48,9.19,6.43,26.93
MVZ168942,,MVZ,goeldii,ALBERGUE,PRO,A,MMR,M,-69.07289,-12.6,8.28,10.89,24.1,20.13,51.97,19.32,20.65,14.11,9.91,13.84,37.1,18.77,43.67,8.83,8.8,10.6,4.17,2.07,10.79,10.06,6.57,28.87
MVZ168943,,MVZ,goeldii,ALBERGUE,PRO,A,MMR,M,-69.07289,-12.6,7.48,11.18,24.23,19.69,53.51,20.05,20.64,13.52,9.68,14.01,37.44,19.26,43.98,8.91,8.96,10.44,5,2.18,9.5,9.71,6.64,29.05
MVZ168947,,MVZ,trinitatis,KASMERA,PRO,B,NVZ,M,-72.16666,10,10.36,13.43,27.42,21.06,58.32,20.49,23.13,14.49,11.1,15.48,41.82,19.45,48.49,9.13,9.79,13.06,7.52,3.98,10.12,9.48,7.53,30.63
MVZ168955,,MVZ,simonsi,ALBERGUE,PRO,E,WAM,M,-69.07289,-12.60000,9,11.56,27.23,21.58,56.44,22.42,22.4,14.66,11.22,15.41,39.33,18.2,46.03,8.34,9.49,11.23,4.8,2.97,11.09,9.67,6.47,28.65
MVZ168956,,MVZ,longicaudatus,ALBERGUE,PRO,D,SPB,F,-69.07289,-12.6,7.61,11.26,24.33,17.77,49.75,18.21,19.44,12.53,9.33,13.38,35.9,18.4,41.15,8.6,9.52,10.64,4.57,2.47,10.43,9.12,6.67,28.31
MVZ168958,,MVZ,longicaudatus,ALBERGUE,PRO,D,SPB,M,-69.07289,-12.6,8.09,11.06,24.47,19.51,53.13,19.8,20.5,13.54,10.22,14.28,37.08,18.92,43.04,8.48,8.81,10.52,5.66,2.23,10.52,9.2,6.63,28.39
MVZ187184,,MVZ,gardneri,UPPERCENTRAL_LEF,PRO,A,GJR,F,-70.85003,-6.75,6.95,10.21,21.1,16.82,44.66,16.1,16.85,11.93,8.65,11.79,31.23,14.65,36.98,6.62,7.02,9.55,3.89,2.11,9.41,8.06,5.87,22.75
MVZ187185,,MVZ,gardneri,UPPERCENTRAL_LEF,PRO,A,GJR,M,-70.85003,-6.75,7.22,9.49,21.7,18.01,45.76,16.42,17.8,11.79,8.55,11.32,32.15,14.54,37.27,7.18,7.42,9.22,4.05,2.14,9.89,8.37,5.65,23.29
MVZ187186,,MVZ,gardneri,UPPERCENTRAL_LEF,PRO,A,GJR,F,-70.85003,-6.75,6.55,9.24,20.99,16.36,44.5,16.01,17.65,11.04,8.54,11.17,31.39,14.38,36.23,7.01,7.4,9.12,4.18,2.19,9.63,7.87,5.25,22.77
MVZ187187,,MVZ,gardneri,UPPERCENTRAL_LEF,PRO,A,GJR,F,-70.85003,-6.75,6.72,10.68,21.69,18.46,48.19,17.37,18.43,12.26,9.31,12.35,33.82,15.27,39.49,6.91,8.25,10.08,4.51,1.92,9.66,8.22,6.06,23.74
MVZ187188,,MVZ,gardneri,UPPERCENTRAL_LEF,PRO,A,GJR,F,-70.85003,-6.75,6.72,9.95,21.45,18.49,46.15,16.75,18.01,11.95,8.49,11.34,31.78,14.77,37.19,7.12,7.8,9.56,3.98,2.23,9.21,8.4,5.82,22.94
MVZ187191,,MVZ,gardneri,UPPERCENTRAL_LEF,PRO,A,GJR,F,-70.85003,-6.75,6.93,10.08,21.95,18.14,45.58,16.11,17.24,11.72,8.51,11.98,31.49,14.31,37.36,6.79,7.43,9.12,3.6,2.17,9.39,8.38,5.65,23.95
MVZ187193,,MVZ,gardneri,LOWERCENTRAL_LEF,PRO,A,GJR,M,-68.76672,-6.46666,6.66,10.24,22.41,18.39,45.78,15.87,17.41,11.67,9.08,11.64,32.33,14.29,38.04,7.58,8.01,9.39,4.15,2.11,9.28,8.64,5.83,23.73
MVZ187194,,MVZ,gardneri,HEADWATERS_RIG,PRO,A,ATH,M,-72.78304,-8.66663,6.97,10.94,21.33,17.71,46.05,17.31,17.84,11.73,8.19,12.03,32.13,14.54,37.29,7.52,7.19,9.06,3.64,2.36,9.34,7.84,5.38,23.29
MVZ187195,,MVZ,gardneri,HEADWATERS_RIG,PRO,A,ATH,M,-72.78304,-8.66663,7.24,9.72,22.07,17.56,44.22,15.8,16.69,11.89,8.39,11.45,31.19,13.92,36.48,7.31,7.07,8.78,3.92,2.24,9.18,8.13,4.83,22.37
MVZ187203,,MVZ,gardneri,LOWERCENTRAL_RIG,PRO,A,JMI,M,-68.89219,-6.58282,6.45,10.02,20.75,17.92,45.12,16.06,17.18,11.7,8.7,11.69,31.75,14.75,36.71,7.21,6.97,9.19,4.01,2.03,9.05,8.51,5.29,22.09
MVZ187204,,MVZ,gardneri,LOWERCENTRAL_RIG,PRO,A,JMI,F,-68.89219,-6.58282,6.78,9.16,21.7,17.52,44.43,16.19,17.17,11.64,8.83,11.14,31.78,14.39,36.87,7.52,7.45,9.13,3.45,2.38,9.11,8.26,5.5,21.52
MVZ187205,,MVZ,gardneri,LOWERCENTRAL_RIG,PRO,A,JMI,F,-68.89219,-6.58282,7.02,10.2,21.51,18.03,46.87,17.32,18.25,11.75,8.61,11.99,32.89,16.62,38.32,7.57,7.68,9.79,3.82,2.11,9.49,8.54,5.56,23.49
MVZ187206,,MVZ,gardneri,LOWERCENTRAL_RIG,PRO,A,JMI,M,-68.89219,-6.58282,7.32,9.77,21.91,18.76,48.22,17.57,18.41,12.86,8.55,11.96,33.81,15.29,39.41,7.48,7.83,9.49,4.57,2.5,9.48,9.6,5.83,23.7
MVZ187207,,MVZ,gardneri,LOWERCENTRAL_RIG,PRO,A,JMI,F,-68.89219,-6.58282,7.44,10.94,21.49,17.52,44.15,15.45,17.34,11.37,8.54,12.32,30.85,14.54,35.89,7.01,7.3,9.13,3.42,2.39,9.72,8.83,5.43,23.23
MVZ190668,,MVZ,longicaudatus,HEADWATERS_RIG,PRO,D,SSM,F,-72.78304,-8.66663,8.35,10.93,25.03,19.53,51.53,19.17,19.49,13.54,9.55,13.75,36.59,17.95,42.65,8.49,9.28,10.24,5.18,2.9,10.03,9.57,5.87,26.79
MVZ190678,,MVZ,longicaudatus,HEADWATERS_RIG,PRO,D,SSM,F,-72.81667,-8.36666,8.91,11.51,24.1,19.41,52.98,18.08,20.05,13.45,9.99,13.82,37.53,17.64,43.42,8.44,8.95,10.61,5.4,2.7,10.26,9.49,6.5,28.65
MVZ190684,,MVZ,longicaudatus,UPPERCENTRAL_RIG,PRO,D,JUR,M,-70.75008,-6.83344,9.2,12.35,26.12,20.4,56.43,21.09,21.41,14.53,10.75,14.71,39.2,18.61,45.36,9.05,8.93,11.19,5.8,3.19,10.8,9.56,7.2,29.13
MVZ190689,,MVZ,longicaudatus,UPPERCENTRAL_RIG,PRO,D,JUR,F,-70.75008,-6.83344,8.45,12.24,25.4,20.38,52.54,20.02,20.18,13.57,10.13,14.42,35.86,17.61,42.46,8.36,9.58,10.51,6.04,2.75,10,10.08,6.76,27.34
MVZ190692,,MVZ,longicaudatus,UPPERCENTRAL_LEF,PRO,D,JUR,M,-70.85003,-6.75,9.44,11.56,27.75,21.64,60.31,23.79,24.01,15.31,11.64,15.85,43,19.75,49.67,9.01,10.42,12.57,5.83,3.91,10.76,10.32,7.35,32.56
MVZ190693,,MVZ,longicaudatus,UPPERCENTRAL_LEF,PRO,D,JUR,M,-70.85003,-6.75,9.43,12.73,28.58,23.02,60.15,22.65,23.76,15.27,11.45,15.4,42.42,20.76,49.14,8.5,9.94,12.99,6.75,3.33,11.87,9.43,8.35,33.34
MVZ190696,,MVZ,longicaudatus,LOWERCENTRAL_LEF,PRO,D,JUR,M,-68.76672,-6.46666,7.63,11.87,25.52,19.86,52.22,18.18,19.62,13.6,10.55,14.14,36.43,17.92,42.91,8.88,8.96,10.53,5.66,2.66,10.26,10.43,6.54,28.26
MVZ197574,CTA1349,MVZ,longicaudatus,BGARCAS,PRO,D,SCE,F,-52.35583,-15.63333,7.8,9.96,22.94,18.75,49.41,17.16,19.45,12.48,9.03,12.74,35.19,17.35,40.88,8.51,7.71,10.23,4.39,2.59,9.98,8.75,5.6,25.63
MVZ197576,,MVZ,guyannensis,CRISTALINO,PRO,B,TXI,F,-55.93028,-9.59694,7.29,10.52,22.66,17.55,45.99,15.32,17.37,12.46,8.55,12.6,32.92,15.9,38.6,7.8,7.68,9.72,4.76,2.47,9.04,8.5,5.89,24.74
MVZ197578,,MVZ,guyannensis,CRISTALINO,PRO,B,TXI,F,-55.93028,-9.59694,7.66,9.72,22.71,18.15,47.68,17.12,18.48,12.51,8.4,12.03,33.41,15.72,39.42,7.8,7.68,9.76,5.13,2.94,8.98,8.67,6.37,25.94
MVZ197579,,MVZ,guyannensis,CRISTALINO,PRO,B,TXI,F,-55.93028,-9.59694,7.05,9.68,22.28,17.53,48.16,17.19,18.94,12.56,8.9,12.21,33.61,16.14,39.39,7.76,8.05,10.07,5.38,2.89,9.43,8.25,6.19,24.9
MVZ197580,,MVZ,guyannensis,CRISTALINO,PRO,B,TXI,F,-55.93028,-9.59694,7.21,9.47,21.76,18.2,48.05,17.84,19.05,11.95,8.58,12.01,33.79,16.1,39.75,7.47,7.13,10.21,4.84,2.5,9.42,8.52,6.09,25
MVZ197581,,MVZ,guyannensis,CRISTALINO,PRO,B,TXI,F,-55.93028,-9.59694,7.04,9.73,23.31,18.33,50,18.04,19.68,12.22,9.32,12.08,35.28,15.82,41.35,7.11,7.46,9.96,4.93,2.81,9.37,8.95,6.18,26.28
MVZ197582,,MVZ,guyannensis,CRISTALINO,PRO,B,TXI,F,-55.93028,-9.59694,7.53,10.37,23.5,19.23,50.07,18.84,19.9,12.32,9.57,12.95,34.18,16.31,41.11,7.36,8.01,9.79,4.66,3.13,10.2,8.99,6.47,25.05
MVZ197585,,MVZ,guyannensis,PEIXE_TERESA,PRO,B,CER,F,-48.63556,-11.84278,8.26,10.87,25.22,19.61,52.62,19.46,20.64,13.64,10.22,13.64,36,16.41,43.37,8.55,8.63,10,5.04,2.65,10.26,9.62,6.17,27.84
MZUSP21255,,MZUSP,longicaudatus,C_ESPELHO,PRO,D,SAR,M,-52.3666,-3.65,9.63,14.05,28.59,23.1,60.7,24.1,23.86,14.89,12.25,16.55,41.89,20.78,49.3,8.67,9.85,11.61,5.18,3.17,10.32,11.13,7.3,31.35
MZUSP21257,,MZUSP,longicaudatus,C_ESPELHO,PRO,D,SAR,M,-52.3666,-3.65,9.38,13.85,28.33,21.99,63.05,23.98,24.9,15.35,12.39,16.83,43.21,21.37,50.1,8.26,9.62,12.89,5.26,3.3,10.57,10.85,7.93,31.79
MZUSP21258,,MZUSP,longicaudatus,C_ESPELHO,PRO,D,SAR,M,-52.3666,-3.65,8.91,13.06,27.06,20.76,56.69,22.33,23.41,13.83,11.24,14.88,39.46,19.14,46.61,8.3,8.92,11.64,5.3,2.59,10.15,10.45,7.11,28.9
MZUSP21260,,MZUSP,longicaudatus,C_ESPELHO,PRO,D,SAR,M,-52.3666,-3.65,10.1,14.83,29.78,22.78,64.84,24.99,26.11,16.45,12.59,17.15,45.66,23.13,52.82,8.51,9.7,13.98,6.79,3.41,11.69,10.79,8.52,34.06
MZUSP21276,,MZUSP,longicaudatus,C_ESPELHO,PRO,D,SAR,M,-52.3666,-3.65,8.78,12.38,25.26,21.25,55.2,20.33,21.68,13.33,10.26,14.23,38.71,19.45,44.6,8.35,8.71,11.3,6.01,2.67,10.15,10.33,6.49,28.1
MZUSP21278,,MZUSP,longicaudatus,C_ESPELHO,PRO,D,SAR,F,-52.3666,-3.65,9.17,12.65,25.71,21,52.7,19.14,19.74,14.09,10.41,14.41,36.43,18.22,43.06,8.7,8.53,10.39,5.87,3.32,9.73,9.85,6.57,27.79
MZUSP26694,,MZUSP,guyannensis,BELEM,PRO,B,XAI,M,-48.49036,-1.45555,9.06,13.22,24.83,21.15,58.83,23.92,25.95,13.59,11.54,14.48,41.21,21.65,47.83,7.21,8.64,13.03,5.9,3.19,10.06,9.83,8.29,27.53
MZUSP26696,,MZUSP,guyannensis,BELEM,PRO,B,XAI,M,-48.49036,-1.45555,8.69,12.54,26.32,19.23,55.13,20.4,21.75,14.23,11.41,14.8,39.21,18.4,45.53,7.55,9.36,11.74,6.37,3.5,10.59,9.43,7.09,28.48
MZUSP30365,CIT1449,MZUSP,guyannensis,URUCUI,PRO,B,CER,M,-45.20264,-8.86342,8.49,12.43,24.88,19.93,55.5,21.35,21.85,14.21,10.21,14.17,37.73,18.68,44.36,8.41,8.69,11.25,4.85,3.1,11.09,9.19,6.85,28.55
MZUSP30368,,MZUSP,guyannensis,URUCUI,PRO,B,CER,M,-45.20264,-8.86342,8.17,11.87,25.67,19.89,54.76,20.89,22.49,13.79,10.42,14.07,38.59,18.98,45.3,8.9,8.5,11,4.18,3.08,10.36,9.48,6.86,28.1
MZUSP30370,CIT1465,MZUSP,guyannensis,URUCUI,PRO,B,CER,M,-45.20264,-8.86342,8.51,12.55,26.99,20.44,57.31,21.66,22.77,15.1,10.82,14.76,39.51,19.37,46.21,8.26,9.62,11.5,6.67,3.48,10.79,9.23,6.77,30.82
MZUSP30376,,MZUSP,guyannensis,URUCUI,PRO,B,CER,F,-45.20264,-8.86342,8.8,11.83,26.26,20.65,57.24,21.93,23.13,14.05,10.87,14.59,39.82,18.7,46.82,8.25,9.81,11.09,5.9,3.6,11.17,9.19,6.79,29.62
MZUSP30377,,MZUSP,guyannensis,URUCUI,PRO,B,CER,F,-45.20264,-8.86342,9.05,11.53,24.85,19.43,53.13,20.85,21.09,13.4,10.43,13.83,36.48,17.4,43.03,8.71,8.83,9.51,4.57,3.54,10.83,8.85,5.62,25.94
MZUSP30379,,MZUSP,guyannensis,URUCUI,PRO,B,CER,M,-45.20264,-8.86342,9.46,12.71,27.58,21.5,60.96,24.17,24.96,14.93,11.62,15.94,42.04,21.02,49.05,8.72,9.55,12.59,6.2,4.02,11.67,10.01,7.09,32.09
MZUSP30382,,MZUSP,guyannensis,URUCUI,PRO,B,CER,F,-45.20264,-8.86342,8.49,10.79,23.86,18.95,50.99,18.65,20.41,13.28,9.61,12.88,35.35,16.85,41.61,8.48,8.49,9.77,4.59,2.84,10.32,9.11,6.19,25.34
MZUSP30384,,MZUSP,guyannensis,URUCUI,PRO,B,CER,F,-45.20264,-8.86342,8.33,10.74,23.51,18.14,49.52,18.51,19.82,12.74,9.43,12.77,33.8,17.01,40.46,8.38,8.03,9.97,4.54,2.62,9.57,9.07,6.07,25.98
MZUSP31924,CIT648; APC176,MZUSP,goeldii,JURUENA,PRO,A,PTI,F,-58.49231,-10.32276,8.77,12.64,25.82,20.55,53.49,19.37,21.14,13.59,10.46,13.8,36.98,17.04,43.39,7.91,9.49,11.07,4.11,2.41,9.71,9.69,5.67,28.53
MZUSP31925,APC195,MZUSP,longicaudatus,ARIPUANA,PRO,D,MTR,F,-59.44718,-10.17484,7.97,10.09,23.25,18.36,49.85,18.49,19.5,12.73,9.92,13.35,34.65,16.47,40.39,8.07,7.71,9.86,5.13,2.66,9.48,9.7,5.81,26.01
MZUSP31928,APC253,MZUSP,longicaudatus,ARIPUANA,PRO,D,MTR,M,-59.44718,-10.17484,7.77,10.92,23.86,18.57,49.46,16.96,18.89,13.26,9.21,12.93,34.48,17.06,40.49,8.01,7.83,9.88,5.48,2.64,9.76,9.71,6.45,25.25
MZUSP31937,CIT622; M142,MZUSP,longicaudatus,JURUENA,PRO,D,MTR,F,-58.49231,-10.32276,7.68,10.73,23.37,18.34,49.26,17.81,19.23,12.57,8.76,12.4,34.13,16.39,40.27,8.27,8.59,9.52,4.94,2.41,9.56,9.13,5.63,26.42
MZUSP31939,CIT642; APC169,MZUSP,longicaudatus,JURUENA,PRO,D,MTR,F,-58.49231,-10.32276,8.12,10.75,23.59,18.53,49.3,17.19,18.77,12.49,9.31,13.16,34.91,17.14,40.76,7.86,8.31,10.31,5.36,2.48,9.93,9.55,6.53,26.08
MZUSP31945,CIT589,MZUSP,guyannensis,GAUCHA,PRO,B,TXI,M,-53.25595,-13.18229,7.96,10.88,21.98,19.37,48.28,18.98,20.66,12.45,8.84,12.63,35.49,16.12,41.07,7.19,7.29,10.2,5.58,3.31,10.12,8.76,4.83,23.19
MZUSP31946,CIT591,MZUSP,guyannensis,GAUCHA,PRO,B,TXI,F,-53.25595,-13.18229,7.41,9.74,21.11,18.02,46.42,16.59,18.28,11.5,8.5,11.46,32.54,14.69,38,6.85,8.06,9.38,3.86,2.55,9.72,9.4,5.2,23.14
MZUSP31950,APC825,MZUSP,guyannensis,PEIXE,PRO,B,CER,F,-48.54,-12.02688,8.22,10.94,24.17,19.64,51.04,19.37,20.08,12.95,9.36,13.12,36.13,17.34,42.74,8.56,8.76,10.25,4.4,2.9,9.92,9.21,6.26,26.57
MZUSP31951,APC847,MZUSP,guyannensis,PEIXE,PRO,B,CER,F,-48.54,-12.02688,7.92,11,22.73,19.04,50.83,19.6,20.17,12.52,9.69,12.84,35.29,17.26,41.3,8.29,8.26,9.98,4.98,2.84,9.95,9.16,5.69,25.31
PNPA321,,MZUSP,longicaudatus,ACURIZAL,PRO,D,PTC,M,-57.16668,-19.63333,8.61,12.64,25.15,20.5,54.46,19.41,20.56,13.14,9.96,13.37,37.08,17.52,43.89,8.82,8.81,10.39,5.18,2.67,11.14,9.91,6.83,28.56
PNPA357,,MZUSP,longicaudatus,ACURIZAL,PRO,D,PTC,F,-57.16668,-19.63333,9.31,11.92,26.42,21.03,53.59,19.91,21.51,13.35,10.57,13.8,37.68,17.94,44.63,8.43,9.71,11.17,5.09,2.97,11.52,9.33,7.06,29.34
RGM044,,MZUSP,goeldii,GUAPORE,PRO,A,PTI,NA,-58.97905,-15.13767,7.77,11.13,24.27,19.98,54,20.38,21.25,13.61,10.12,13.48,38.23,18.7,43.93,8.12,9.27,11.19,4.88,2.36,10.09,8.95,6.21,28.06
RGM156,,MZUSP,goeldii,GUAPORE,PRO,A,PTI,NA,-58.97905,-15.13767,8.75,11.7,26.1,20.48,54.06,20.87,21.33,14.19,10.23,13.74,38.21,18.54,45.34,9.11,8.68,10.88,4.71,2.25,10.6,9.81,6.24,29.59
RGM529,,MZUSP,goeldii,GUAPORE,PRO,A,PTI,NA,-58.97905,-15.13767,9.47,12.52,26.23,21.07,59.46,23.22,24.19,14.65,10.92,14.72,40.33,19.11,47.82,8.5,8.9,11.75,5.14,2.61,9.96,10.15,6.91,29.92
RGM530,,MZUSP,goeldii,GUAPORE,PRO,A,PTI,NA,-58.97905,-15.13767,7.68,11.08,24.22,19.34,52.33,20.28,20.07,13.68,9.68,13.7,35.57,17.66,42.14,8.84,8.77,10.61,4.25,2.64,9.62,9.79,6.14,27.36
RGM531,,MZUSP,goeldii,GUAPORE,PRO,A,PTI,NA,-58.97905,-15.13767,9.29,12.56,27.29,21.66,57.62,21.91,23.05,15.02,11.16,15.09,40.84,19.69,47.81,8.94,9.73,12.22,4.1,2.77,10.54,10.26,7.05,31.6
RGM848,,MZUSP,goeldii,GUAPORE,PRO,A,PTI,NA,-58.97905,-15.13767,8.67,12.07,27.05,20.64,54.85,19.26,21.4,14.53,10.9,14.82,39.58,19.42,46.21,8.11,9.57,11.43,4.8,2.13,10.27,9.46,6.91,31.32
RGM855,,MZUSP,goeldii,GUAPORE,PRO,A,PTI,NA,-58.97905,-15.13767,8.96,11.73,25.25,19.73,54.48,20.5,21.22,14.19,10.29,14.68,37.96,17.87,44.97,8.83,9.41,10.59,4.08,2.55,10.18,9.22,6.93,28.86
RGM857,,MZUSP,goeldii,GUAPORE,PRO,A,PTI,NA,-58.97905,-15.13767,8.83,11.55,25.13,19.81,53.34,20.84,21.43,13.91,10.37,13.88,37.85,18.13,43.85,8.38,8.69,10.96,5.11,2.68,9.95,9.17,6.37,29.3
RGM883,,MZUSP,goeldii,GUAPORE,PRO,A,PTI,NA,-58.97905,-15.13767,8.71,11.8,26.6,20.82,55.42,20.68,22.02,14.19,10.7,14.5,39.2,17.64,45.77,8.79,10.1,11.23,6.53,2.78,10.06,10.21,6.4,29.56
UFES1388,,UFES-MAM,guyannensis,PIUM,PRO,B,CER,F,-49.95863,-9.30361,9.03,11.11,24.73,20.05,52.21,19.34,19.99,13.53,9.62,13.12,37.53,17.6,44.03,8.04,7.73,10.75,5.25,2.82,10.6,9.79,6.13,26.14
UFES1390,CTA1835,UFES-MAM,guyannensis,PIUM,PRO,B,CER,F,-49.95863,-9.30361,8.28,10.35,24.05,19.03,50.17,19.49,19.57,12.87,10.06,12.97,35.32,16.87,40.47,8.27,8,9.99,4.87,2.71,10.56,8.88,5.59,26.65
UFES1392,,UFES-MAM,guyannensis,PIUM,PRO,B,CER,F,-49.95863,-9.30361,8.54,11.04,24.45,19.62,50.13,18.21,19.62,13.04,9.66,13.24,36.08,16.97,43.23,8.3,6.82,10.09,5.37,2.64,10.58,9.36,5.44,26.59
UFES1395,,UFES-MAM,guyannensis,CASEARA,PRO,B,CER,F,-49.9755,-9.3843,7.95,10.61,22.76,18.82,49.21,18.01,19.14,12.86,9.08,12.95,34.13,16.3,40.47,8.49,7.5,9.82,4.8,2.87,10.44,8.62,5.92,26.27
UFES1396,,UFES-MAM,guyannensis,PIUM,PRO,B,CER,F,-49.95863,-9.30361,8.36,11.77,25.31,19.54,53.9,22.25,22.31,13.55,10.53,13.87,38.28,18.32,44.73,7.88,8.45,10.91,5,3.23,11.31,9.26,6.04,27.96
UFES1397,,UFES-MAM,guyannensis,PIUM,PRO,B,CER,F,-49.95863,-9.30361,8.12,11,24.05,19.6,51.33,19.58,20.32,13.15,9.62,12.81,35.93,16.97,42.16,8.1,8.57,9.77,4.89,2.37,10.46,9.9,5.65,25.92
UFES1400,,UFES-MAM,guyannensis,CASEARA,PRO,B,CER,M,-49.9755,-9.3843,8.38,10.4,24.01,19.09,49.27,18.24,19.09,13.53,9.27,12.56,33.71,15.74,40.4,8,8.12,9.75,3.78,2.97,10.61,9.32,6.03,25.77
UFES1402,,UFES-MAM,guyannensis,CASEARA,PRO,B,CER,M,-49.9755,-9.3843,9,11.32,25.97,20.97,56.73,22.77,23.3,13.97,10.52,14.47,39.99,19.04,47.2,8.49,8.86,10.98,5.33,3.09,10.76,9.97,6.87,30.48
UFES1403,,UFES-MAM,guyannensis,CASEARA,PRO,B,CER,M,-49.9755,-9.3843,8.66,10.73,24.59,19.66,53.92,20.37,21.24,13.59,9.85,13.34,36.92,17.25,44.11,8.09,8.42,10.53,4.94,2.86,10.97,9.53,6.71,28.3
UFES1569,DPO018,UFES-MAM,guyannensis,CARAJAS,PRO,B,XAI,F,-50.44612,-6.34786,7.03,9.58,22.12,16.9,46.18,17.01,17.65,11.47,8.52,11.52,31.53,14.71,37.77,7.02,7.43,8.77,4.56,2.68,9.17,8.19,4.97,23.38
UFES1570,DPO019,UFES-MAM,guyannensis,CARAJAS,PRO,B,XAI,F,-50.36045,-6.38747,7.59,10.61,23.6,18.8,50.1,19.88,20.43,12.96,9.29,12.57,35.6,16.83,41.92,7.72,7.01,10.36,5.2,2.79,10.14,8.88,6.12,25.46
UFES1580,BAC320,UFES-MAM,guyannensis,CARAJAS,PRO,B,XAI,M,-50.42313,-6.34376,8.13,10.69,23.24,19.32,50.04,18.81,19.84,12.38,9.64,12.69,34.93,16.92,41.49,7.44,7.27,10.43,5.26,2.65,10.03,9.08,6.24,25.41
UFES1583,,UFES-MAM,guyannensis,CARAJAS,PRO,B,XAI,M,-50.40877,-6.34475,7.39,10.39,22.74,18.69,50.67,19.9,19.59,12.76,9.06,12.76,35.41,17.61,41.45,7.12,6.43,10.16,4.78,2.6,9.33,9.57,6.61,25.85
UFES1857,,UFES-MAM,guyannensis,CARAJAS,PRO,B,XAI,M,-50.42313,-6.34376,8.14,10.09,22.77,18.82,49.6,19.22,19.45,12.35,9.63,12.13,34.99,16.14,41.26,7.68,7.5,9.82,5.48,3.07,9.53,9.5,5.76,25.32
UFES1858,,UFES-MAM,guyannensis,CARAJAS,PRO,B,XAI,F,-50.42313,-6.34376,7.07,9.78,21.07,17.84,46.17,17.45,17.82,11.53,8.35,11.58,31.81,15.29,38.19,7.72,6.9,9.13,5.19,2.71,9.51,8.9,5.31,23.28
UFES1859,,UFES-MAM,guyannensis,CARAJAS,PRO,B,XAI,M,-50.42313,-6.34376,7.9,10.85,22.41,17.95,47.14,18,18.37,12.15,8.88,11.82,32.54,15.46,37.76,7.44,7.07,9.24,4.94,2.82,8.91,8.66,5.63,23.96
UFES1860,,UFES-MAM,guyannensis,CARAJAS,PRO,B,XAI,M,-50.42313,-6.34376,7.27,9.71,21.57,17.51,47.76,18.01,18.03,12.97,8.49,12.05,33.07,15.93,39.24,7.58,7.18,9.27,5.14,2.6,9.29,9.25,5.8,24.58
UFES1873,,UFES-MAM,guyannensis,CARAJAS,PRO,B,XAI,M,-50.43528,-6.40018,7.25,10.53,22.32,18.46,48.83,18.36,18.74,12.09,8.97,12.54,33.6,15.61,39.61,7.86,6.98,8.93,5.04,2.8,9.92,9.39,5.31,24.67
UFES1887,,UFES-MAM,guyannensis,CARAJAS,PRO,B,XAI,F,-50.12758,-6.32946,8.3,9.53,23.42,19.25,50.87,19.3,19.94,13.16,9.26,13.05,35.66,16.63,42.38,7.88,7.35,9.71,5.04,3.42,10.52,8.57,5.7,26.73
UFES2637,CTA4324,UFES-MAM,goeldii,AUTAZES,PRO,A,PTI,F,-59.1306,-3.57972,8.29,13.62,26.21,20.15,57.58,22.08,23.26,14.16,11.13,14.32,39.77,20.12,47.29,9.03,8.95,11.47,5.07,2.4,10,10.31,7.32,29.74
UFES2638,CTA4325,UFES-MAM,goeldii,AUTAZES,PRO,A,PTI,M,-59.1306,-3.57972,9.34,14.14,28.45,22.98,66.32,25.79,26.57,15.12,12.78,16.78,45.82,21.87,53.38,8.95,9.01,13.92,4.39,2.88,11.7,10.86,8.85,34.04
UFES2640,CTA4327,UFES-MAM,goeldii,AUTAZES,PRO,A,PTI,M,-59.1306,-3.57972,9.86,9.86,26.99,22.4,60.57,23.43,24.04,14.83,10.65,15.09,41.99,20.28,49.79,9.07,8.42,11.99,4.58,2.37,11.16,10.3,7.87,31.55
UFES2649,,UFES-MAM,gardneri,AUTAZES,PRO,A,LMR,F,-59.1306,-3.57972,7.9,10.54,23.73,19.25,49.41,19.08,19.55,12.87,9.73,12.57,33.6,15.25,39.65,7.36,6.7,9.96,3.33,1.92,10.21,8.59,6.13,25.12
UFES2834,CTA4363,UFES-MAM,gardneri,AUTAZES,PRO,A,LMR,M,-59.1306,-3.57972,7.52,10.04,22.5,18.38,48.18,18.29,19.36,11.82,8.99,11.6,33.44,14.57,38.91,7.11,7.43,9.81,2.98,2.06,9.67,8.86,5.34,23.8
UFES2835,,UFES-MAM,gardneri,AUTAZES,PRO,A,LMR,F,-59.1306,-3.57972,7.27,9.12,20.61,16.86,45.18,16.72,18.17,11.3,8.4,11.1,31.21,14.94,36.42,7.13,6.96,9.19,4.22,2.45,8.8,7.95,5.44,21.85
UFES2839,,UFES-MAM,gardneri,AUTAZES,PRO,A,LMR,M,-59.1306,-3.57972,7.55,9.46,22.3,18.36,47.95,17.78,19.39,12.15,8.78,11.6,32.15,14.94,43.17,7.11,6.58,9.52,3.51,2.19,9.18,8.36,5.39,23.51
UFES2962,CTA4400,UFES-MAM,goeldii,BELOMONTE,PRO,A,EAM,M,-51.77012,-3.12428,9.25,13.56,26.71,21.35,59.49,22.48,23.46,15,11.95,15.59,41.23,19.93,48.6,8.5,10.42,13.24,5.76,2.72,10.86,10.07,8.08,30.72
UFMG3018,,UFMG,longicaudatus,BGARCAS,PRO,D,SCE,M,-52.35583,-15.63333,8.9,11.12,25.23,20.9,54.48,19.93,21.99,13.5,10.25,13.97,39.45,18.58,45.7,8.03,9.11,11.78,4.5,3.19,10.02,9.56,6.01,28.36
UFMG3023,,UFMG,guyannensis,CRISTALINO,PRO,B,TXI,M,-55.93028,-9.59694,6.98,11.18,23.8,19.63,48.54,17.53,19.53,12.84,9.19,12.87,34.98,15.76,40.61,6.98,8.34,10.22,4.93,2.72,9.18,8.41,6.27,25.87
UFMG3026,,UFMG,guyannensis,CRISTALINO,PRO,B,TXI,F,-55.93028,-9.59694,6.94,10.22,21.67,18.04,46.09,16.16,17.96,11.65,8.56,11.65,32.36,14.73,38.07,7.17,7.79,9.42,4.6,2.63,8.65,8.46,6.08,23.87
UFMG3029,CTA1511,UFMG,guyannensis,CRISTALINO,PRO,B,TXI,F,-55.93028,-9.59694,7.02,9.97,23.63,18.63,46.11,15.92,17.28,12.03,8.82,12.18,33.06,15.04,39.24,7.94,8.13,8.76,4.85,2.69,9.38,9.19,5.25,25.13
UFMG3032,,UFMG,guyannensis,CRISTALINO,PRO,B,TXI,F,-55.93028,-9.59694,7.08,9.86,22.27,17.95,45.47,17.18,18.29,11.68,8.62,11.86,32.35,15.76,38.11,7.19,8,9.17,4.56,2.79,9.23,8.62,6.1,25.6
UFMG3033,,UFMG,guyannensis,CRISTALINO,PRO,B,TXI,M,-55.93028,-9.59694,7.91,11.07,23.92,18.41,47.65,17.33,19.05,12.65,9.63,12.93,33,15.98,39.24,7.62,8.19,9.77,4.71,2.64,9.42,8.78,5.91,25.88
UFMG3035,CTA1652,UFMG,guyannensis,PEIXE_TERESA,PRO,B,CER,M,-48.63556,-11.84278,7.99,11.01,24,19.55,51.7,19.01,20.07,13.31,9.6,13.22,34.95,16.66,41.66,8.46,8.38,9.49,4.77,2.64,10.35,9.95,5.9,26.83
UFPB6929,,UFPB,guyannensis,CLAALCANTARA,PRO,B,CER,F,-44.41654,-2.33712,7.92,10.18,22.05,17.66,46.41,18.12,18.88,11.75,9.05,12.3,32.17,15.16,38.04,7.49,7.54,9.59,4.64,3.26,9.31,8.79,5.63,24.9
UFPB6931,,UFPB,guyannensis,CLAALCANTARA,PRO,B,CER,F,-44.41654,-2.33712,7.96,11.22,23.81,18.69,51,19.1,20.02,13.1,9.61,12.95,36.44,16.91,42.57,8.01,8.63,10.36,5.34,2.99,10.33,9.47,6.21,25.67
UFPB6932,,UFPB,guyannensis,CLAALCANTARA,PRO,B,CER,F,-44.41654,-2.33712,8.29,11.45,25.01,20.22,53.31,20.93,22.57,12.06,10.65,14.06,37.94,17.39,43.91,8.1,8.46,10.19,5.2,3.27,10.85,9.11,6.33,28.14
UFSM305,,LMUSP,longicaudatus,BGARCAS,PRO,D,SCE,F,-52.1493,-15.88295,8.33,10.76,23.33,18.97,51.82,17.93,19.92,12.9,9.85,13.06,36.48,17.4,42.78,8.48,8.15,10.78,4.53,2.41,9.72,8.67,6.65,26.54
UMMZ125182,,UMMZ,outgroup,COSTARICA,HG,-,-,F,-84.02,10.4244,9.62,13.15,27.69,21.96,58.99,21.66,22.46,14.33,11.95,16.13,41.18,21.02,48.52,9.39,9.76,12.96,5.34,3.02,10.17,10.85,7.1,29.17
UMMZ80069,,UMMZ,goeldii,SANFRANCISCO,PRO,A,IJM,M,-77817,-983,8.81,12.46,26.69,19.84,54.2,20.56,20.94,14.38,11.03,14.84,37.39,18.24,44.42,9.22,9.65,10.71,4.38,2.37,10.79,9.87,6.56,31.02
UMMZ80073,,UMMZ,goeldii,SANFRANCISCO,PRO,A,IJM,F,-77817,-983,9.71,13.03,27.94,21.37,59.76,22.88,23.06,15.3,11.05,15.29,41.78,19.96,48.62,8.95,9.82,12.22,5.35,3.02,10.21,10.74,5.92,31.85
USNM102731,,NMNH,trinitatis,LAGUAIRA,PRO,B,NVZ,M,-66.92276,10.59241,9.01,13.16,25.89,19.88,55.11,21.4,22.78,14.04,10.44,14.65,38.9,18.4,45.63,8.82,9.1,11.76,7.25,3.71,9.12,9.21,6.67,30.42
USNM172949,,NMNH,longicaudatus,HYDEPARK,PRO,D,NAR,M,-58.27163,6.4857,8.33,12.53,26.97,20.53,59.05,21.9,23.74,14.89,11.82,14.71,41.23,20.43,48.17,7.59,9.38,12.83,5.64,3.21,10.82,9.27,7.71,29.14
USNM364151,,NMNH,simonsi,MALDONADO,PRO,E,WAM,F,-69.23741,-12.59659,7.82,11.16,23.63,19.41,51.39,19.09,19.92,12.95,9.86,13.26,35.78,16.01,41.58,7.42,8.38,10.21,4.26,2.87,10.3,9.34,6.09,26.26
USNM388133,,NMNH,trinitatis,ELDORADO,TEP,-,-,F,-61.47003,5.95496,8.12,11.94,22.36,18.48,52.15,19.24,21.55,11.21,9.89,12.96,36.54,16.89,42.96,8.33,8.36,11.12,5.06,2.5,8.72,9.78,6.85,26.73
USNM390367,,NMNH,simonsi,PMALDONADO,PRO,E,WAM,M,-69.18341,-12.58804,8.14,10.32,23.63,19.28,51.06,17.71,18.64,13.61,9.53,12.83,37.44,16.8,43.05,8.03,8.32,10.55,4.74,2.79,10.09,9.55,6.35,27.21
USNM391009,,NMNH,longicaudatus,WARNES,PRO,D,JUR,F,-63.17175,-17.51258,8.19,11.56,24.77,19.49,51.41,17.78,20.18,13.06,10.01,14.03,37.54,17.85,43.33,8.86,8.84,11,5.86,3.09,9.85,9.27,6.58,28.86
USNM392887,,NMNH,semispinosus,COCO,PRO,D,CAM,M,-83.23064,14.98815,10.46,15.22,30.36,22.43,67.53,27.84,27.36,16.32,13.13,18.04,48.12,23.74,55.14,8.42,10.32,15.29,6.46,3.81,11.54,10.13,9.28,35.2
USNM442697,,NMNH,trinitatis,ENCONTRADOS,PRO,B,NVZ,F,-72.63333,9.20002,8.86,11.81,25.01,20.15,55.15,19.52,21.76,14.05,10.49,13.98,39.82,18.22,45.71,8.5,9.36,11.81,7.33,3.81,10.07,9.66,7.07,28.33
USNM442699,,NMNH,trinitatis,ENCONTRADOS,PRO,B,NVZ,F,-72.63333,9.20002,8.51,12.44,25.07,20.63,54.84,18.19,21.47,13.74,10.48,14.51,37.53,17.36,43.92,9.02,9.3,10.22,5.75,3.27,9.42,9.36,6.51,28.78
USNM442880,,NMNH,trinitatis,ENCONTRADOS,PRO,B,NVZ,M,-72.63333,9.20002,9.25,13.26,27.33,21.04,56.67,21.26,22.1,15.02,10.96,14.99,39.86,18.73,46.78,9.01,9.11,11.87,7.39,3.35,10.28,10.19,7.23,30.36
USNM442883,,NMNH,trinitatis,ENCONTRADOS,PRO,B,NVZ,F,-72.63333,9.20002,8.46,11.75,23.82,19.25,49.91,17.48,20.16,12.7,9.41,13.28,34.76,16.01,40.99,8.79,8.88,9.72,5.87,3.16,9.75,9.26,5.54,27.02
USNM513633,,NMNH,decumanus,CHOGON,PRO,D,ECU,M,-80.06913,-2.24016,9.43,12.87,28.39,22.09,57.59,22.87,23.48,14.73,11.72,15.76,42.84,19.97,49.9,9.87,9.91,11.91,5.95,3.47,12.1,10.44,6.59,32.54
USNM513645,,NMNH,decumanus,ROSA,PRO,D,ECU,F,-79.93627,-3.48507,8.39,11.15,27.38,22.22,59.62,22.76,25.09,13.93,11.54,15.86,42.64,20.86,49.5,9.27,9.51,12.79,5.62,3.59,11.48,10.08,7.51,30.05
USNM530931,,NMNH,goeldii,MANU_40K,PRO,A,MMR,M,-71.0451,-12.15612,10.13,13.67,29.64,22.33,64.94,24.74,26.39,16.84,12.75,17.43,45.25,23.04,53.44,8.77,10.35,14.08,6.77,2.95,12.13,9.3,8.98,33.43
USNM530932,,NMNH,goeldii,MANU_40K,PRO,A,MMR,F,-71.0451,-12.15612,8,11.42,24.76,20.46,54.37,19.9,21.93,14.31,10.34,14.59,39.2,19.54,45.74,8.45,9.16,11.44,4.54,2.69,9.87,8.75,7.01,29.17
USNM530935,,NMNH,simonsi,TAMBOPATA_30K,PRO,E,WAM,F,-69.20697,-12.72047,8.24,10.7,24.23,20.72,52.03,19.62,20.29,12.81,10.06,13.1,35.37,16.48,41.32,7.21,8.44,11.11,4.76,2.6,10.13,9.49,6.35,26.39
USNM559415,,NMNH,goeldii,MANU_57K,PRO,A,MMR,F,-71.11199,-12.09053,8.66,10.64,25.66,19.92,56.69,21.23,22,14.63,10.79,14.93,39.77,20.03,46.85,8.86,9.46,11.98,5.88,2.47,10.64,9.57,7.1,30.25
USNM559426,,NMNH,goeldii,MANU_57K,PRO,A,MMR,M,-71.11199,-12.09053,8.66,11.13,26.13,20.31,57.53,22.09,23.18,14.81,10.58,14.71,39.97,20.25,47.38,8.01,9.27,12.4,5.33,2.49,9.79,9.68,7.9,31.04
USNM578000,,NMNH,simonsi,CAMISEA,PRO,E,WAM,M,-72.94991,-11.58344,8.44,10.47,25.37,19.64,54.57,20.11,21.05,13.81,10.67,13.76,37.35,17.3,44.37,8.22,9.26,11.23,4.73,2.64,10.04,9.11,6.78,27.53
USNM579259,,NMNH,simonsi,ALTO_MADIDI,PRO,E,WAM,F,-68.77000,-13.58000,8.51,11.22,24.47,19.22,52.83,18.81,20.98,13.36,10.06,13.87,36.48,16.71,42.38,8.27,9.33,10.9,4.76,2.43,10,9,6.17,26.38
USNM579616,,NMNH,simonsi,NUOVOMUNDO,PRO,E,WAM,F,-66.73330,-10.76670,9.17,11.39,24.87,19.92,53.66,21.12,21.91,13.93,10.91,14.35,36.92,17.42,43.85,8.39,9.19,11.11,5.47,3.26,10.67,8.96,6.6,28.29
USNM579694,,NMNH,simonsi,TAMBOPATA,PRO,E,WAM,F,-69.61220,-13.14720,7.99,10.97,24.02,18.89,51.11,18.03,19.95,12.85,9.95,12.95,34.83,16.22,40.84,7.5,8.5,10.62,4.66,2.26,9.64,9.4,6.02,25.56
USNM579695,,NMNH,simonsi,TAMBOPATA,PRO,E,WAM,M,-69.61220,-13.14720,8.32,11.73,24.75,19.75,53.5,19.61,20.52,13.95,10.2,13.63,36.15,16.14,42.86,8.02,8.55,11.27,4.94,2.77,10.38,9.28,6.75,26.81
USNM579697,,NMNH,simonsi,TAVARA,PRO,E,WAM,F,-69.68440,-13.50440,7.9,10.16,23.45,17.56,47.74,17.23,17.99,12.89,8.84,12.15,33.25,14.78,39.25,7.58,8.39,9.72,3.99,2.24,9.37,8.5,5.54,23.92
USNM581983,,NMNH,longicaudatus,FLORDEORO,PRO,D,SCE,F,-61.0083,-13.5517,7.74,11.28,24.94,19.89,55.11,19.55,21.9,13.25,9.83,13.81,38.52,19.71,44.69,8.88,9.2,11.45,5.31,3.06,10.16,8.7,6.8,29.88
USNM582772,,NMNH,simonsi,CAMISEA,PRO,E,WAM,M,-72.94991,-11.58344,9.25,12.15,27.63,20.85,60.34,24.83,25.07,14.98,12.43,16.1,41.51,18.49,48.35,8.04,9.63,12.05,5.45,3.2,10.7,9.68,7.4,30.75
USNM582897,,NMNH,simonsi,CAMISEA,PRO,E,WAM,F,-72.94991,-11.58344,8.77,11.45,25.29,19.65,54.63,21.03,22.26,13.72,10.17,14.02,37.02,16.73,43.35,8.21,9.17,10.3,4.54,2.73,9.85,9.83,5.7,27.51
USNM584593,,NMNH,longicaudatus,REFUGIO,PRO,D,SCE,M,-61.0347,-14.7672,8.13,11.11,25.92,22.17,55.16,20.5,21.98,13.75,10.67,14.56,39.98,19.06,46.92,8.32,9,11.68,5.29,3.11,10.96,9.1,7.14,29.26
USNM584594,,NMNH,longicaudatus,REFUGIO,PRO,D,SCE,F,-61.0347,-14.7672,8.12,11.54,25.59,20.48,52.11,19.74,21.89,12.86,10.36,13.97,36.91,18.3,43.09,8.57,8.94,10.53,5.2,2.84,9.54,8.55,6.42,28.05
USNM584595,,NMNH,longicaudatus,REFUGIO,PRO,D,SCE,F,-61.0347,-14.7672,7.72,10.02,23.5,19.43,50.79,19.11,19.75,12.64,9.68,12.9,36.29,18.04,42.5,7.95,8.6,10.91,5.15,2.86,9.89,8.43,6.31,25.96
USNM584596,,NMNH,longicaudatus,REFUGIO,PRO,D,SCE,M,-61.0347,-14.7672,7.97,10.94,25.36,19.75,52.7,20.23,20.87,13.07,9.83,13.7,37.91,18.54,43.71,8.3,8.74,10.85,5.23,2.52,9.57,8.99,6.64,29.09
USNM584597,,NMNH,longicaudatus,REFUGIO,PRO,D,SCE,F,-61.0347,-14.7672,8.18,10.87,23.79,20.51,52.02,18.78,20.49,12.77,10.23,13.7,36.77,18.65,44.03,7.82,8.44,10.84,5.78,2.88,10.46,9.56,6.66,27.86
USNM584598,,NMNH,longicaudatus,REFUGIO,PRO,D,SCE,F,-61.0347,-14.7672,8.38,9.98,24.66,19.73,51.99,18.15,19.86,13.63,9.65,13.59,38.15,19,44.41,8.89,9.4,10.57,5.07,3.16,10.77,9.29,6.24,28.51
USNM588195,,NMNH,longicaudatus,REFUGIO,PRO,D,SCE,F,-61.0347,-14.7672,8.75,10.48,23.94,19.68,50.81,19.5,20.97,12.18,9.5,13.38,36.47,18.47,43.01,8.69,8.48,11.22,5.96,2.96,10.91,9.11,5.96,27.79
X1M15,,LMUSP,longicaudatus,NREPART,PRO,D,SAR,F,-49.94611,-4.25168,8.92,11.73,25.92,21.28,58.53,22.52,23.91,14.66,11.53,15.23,40.39,19.65,46.78,8.59,9.52,12.27,5.38,2.89,9.43,9.69,6.78,30.39
